SourceFile	LoMZ	HiMZ	WidthMZ	IonMobility	MassResolvingPower	MSMSCount	RTMin	RTMax	CycleTimeMedian	TIC25ileRT	TIC50ileRT	TIC75ileRT	TotalTIC	PkCountMin	PkCount25ile	PkCount50ile	PkCount75ile	PkCountMax
B_D140314_SGSDSsample1_R01_MHRM_T0	400	430	30	0	35000	2204	0.0085656475	129.9529	3.5007477	22.058691	36.66958	48.509056	1.5165351E+10	83	151	543	997	1369
B_D140314_SGSDSsample1_R01_MHRM_T0	428	459	31	0	35000	2204	0.011294881	129.95563	3.5009766	23.841791	41.413315	56.5108	2.0327936E+10	120	251	656	1165	1770
B_D140314_SGSDSsample1_R01_MHRM_T0	457	483	26	0	35000	2204	0.014036531	129.95837	3.5009766	26.977335	46.0757	62.47975	1.7438755E+10	75	248	698	1089	1653
B_D140314_SGSDSsample1_R01_MHRM_T0	481	506	25	0	35000	2204	0.01677598	129.9611	3.5010338	28.338064	44.783054	62.19008	1.5262678E+10	61	292	796	1088	1604
B_D140314_SGSDSsample1_R01_MHRM_T0	504	531	27	0	35000	2204	0.019521613	129.96385	3.5014343	33.808334	49.098785	64.89241	1.829767E+10	106	328	875	1173	1716
B_D140314_SGSDSsample1_R01_MHRM_T0	529	554	25	0	35000	2204	0.022263415	129.96658	3.5014343	36.508045	52.138012	66.763	1.5124265E+10	96	363	843	1168	1672
B_D140314_SGSDSsample1_R01_MHRM_T0	552	576	24	0	35000	2204	0.025003167	129.96933	3.5014343	37.15352	53.18939	69.563126	1.6325196E+10	63	375	782	1148	1824
B_D140314_SGSDSsample1_R01_MHRM_T0	574	600	26	0	35000	2204	0.02774488	129.97208	3.5014343	38.973682	55.708836	71.44894	1.7821798E+10	110	501	877	1210	1795
B_D140314_SGSDSsample1_R01_MHRM_T0	598	624	26	0	35000	2204	0.03048638	129.97482	3.5014343	40.84846	59.510593	76.327774	1.6635628E+10	120	509	926	1280	1925
B_D140314_SGSDSsample1_R01_MHRM_T0	622	650	28	0	35000	2204	0.03322798	129.97755	3.5015488	45.153065	62.26595	80.56002	1.5358815E+10	107	521	917	1311	2008
B_D140314_SGSDSsample1_R01_MHRM_T0	648	676	28	0	35000	2204	0.035971846	129.98032	3.5014343	46.96588	65.95945	81.15036	1.6969086E+10	117	512	973	1338	2098
B_D140314_SGSDSsample1_R01_MHRM_T0	674	704	30	0	35000	2204	0.03873025	129.98306	3.5014343	49.06031	66.71988	84.08396	1.5427181E+10	88	537	958	1369	2616
B_D140314_SGSDSsample1_R01_MHRM_T0	702	735	33	0	35000	2204	0.0414886	129.98582	3.5014343	50.51859	67.539	86.369736	1.6449487E+10	80	605	1055	1455	2425
B_D140314_SGSDSsample1_R01_MHRM_T0	733	771	38	0	35000	2204	0.044246834	129.98859	3.5014343	55.72533	72.69934	89.96018	1.8810175E+10	89	606	1155	1580	2710
B_D140314_SGSDSsample1_R01_MHRM_T0	769	810	41	0	35000	2204	0.04700508	129.99135	3.5014343	60.401142	80.63157	97.137215	1.2714441E+10	62	575	1108	1564	2448
B_D140314_SGSDSsample1_R01_MHRM_T0	808	856	48	0	35000	2204	0.04976143	129.99411	3.5014343	59.064224	80.10452	93.024445	1.5170156E+10	111	567	1199	1695	2656
B_D140314_SGSDSsample1_R01_MHRM_T0	854	914	60	0	35000	2204	0.052538466	129.99689	3.5014343	68.95048	84.68211	98.91337	1.4306383E+10	84	547	1241	1852	2766
B_D140314_SGSDSsample1_R01_MHRM_T0	912	1000	88	0	35000	2204	0.05763638	129.99966	3.5014343	72.59388	92.38645	106.89844	1.7503754E+10	104	574	1400	2085	3517
B_D140314_SGSDSsample1_R01_MHRM_T0	998	1220	222	0	35000	2204	0.060428083	130.00478	3.5014343	72.07155	91.50457	106.67291	2.582349E+10	263	944	1861	2790	4274
B_D140314_SGSDSsample1_R02_MHRM_T0	400	430	30	0	35000	2219	0.008564646	129.963	3.4839249	20.194963	33.97755	46.08401	2.3339956E+10	81	167	645	1133	1620
B_D140314_SGSDSsample1_R02_MHRM_T0	428	459	31	0	35000	2219	0.011289465	129.96571	3.4835815	20.482023	36.93161	51.44828	2.8681345E+10	132	269	748	1306	1775
B_D140314_SGSDSsample1_R02_MHRM_T0	457	483	26	0	35000	2219	0.014043565	129.96844	3.4835815	23.166206	41.166733	58.07033	2.5860295E+10	78	273	747	1266	1785
B_D140314_SGSDSsample1_R02_MHRM_T0	481	506	25	0	35000	2219	0.016785398	129.9712	3.4840393	25.508324	40.357235	58.304367	2.2476605E+10	67	334	904	1254	1942
B_D140314_SGSDSsample1_R02_MHRM_T0	504	531	27	0	35000	2219	0.019526998	129.97394	3.484497	30.507277	45.00196	60.58728	2.526211E+10	101	383	1017	1347	1925
B_D140314_SGSDSsample1_R02_MHRM_T0	529	554	25	0	35000	2219	0.022268798	129.97668	3.484497	32.363617	47.914455	63.393326	2.1221796E+10	90	399	1003	1322	1882
B_D140314_SGSDSsample1_R02_MHRM_T0	552	576	24	0	35000	2219	0.025010481	129.97942	3.484497	33.001423	49.779877	66.36294	2.2953574E+10	64	430	967	1317	1889
B_D140314_SGSDSsample1_R02_MHRM_T0	574	600	26	0	35000	2219	0.02775205	129.98218	3.4849548	33.765766	53.089687	68.510086	2.4644205E+10	109	574	1038	1373	1888
B_D140314_SGSDSsample1_R02_MHRM_T0	598	624	26	0	35000	2219	0.030495683	129.98492	3.4849548	36.775974	56.699745	73.89099	2.2939943E+10	104	602	1094	1429	2121
B_D140314_SGSDSsample1_R02_MHRM_T0	622	650	28	0	35000	2219	0.033237383	129.98766	3.4854126	41.82078	59.72254	77.338905	2.0940278E+10	118	683	1080	1495	2228
B_D140314_SGSDSsample1_R02_MHRM_T0	648	676	28	0	35000	2219	0.035979215	129.9904	3.4849548	44.382774	63.407036	78.51164	2.3332602E+10	122	680	1154	1512	2192
B_D140314_SGSDSsample1_R02_MHRM_T0	674	704	30	0	35000	2219	0.03874175	129.99316	3.4849548	44.672863	63.64657	81.89416	2.1192798E+10	96	684	1129	1557	2931
B_D140314_SGSDSsample1_R02_MHRM_T0	702	735	33	0	35000	2219	0.04149993	129.99593	3.4849548	47.06089	64.990234	84.0074	2.2850208E+10	80	789	1230	1668	2591
B_D140314_SGSDSsample1_R02_MHRM_T0	733	771	38	0	35000	2219	0.044258263	129.99867	3.4850693	51.2481	69.92927	87.17133	2.5592633E+10	88	786	1377	1801	2872
B_D140314_SGSDSsample1_R02_MHRM_T0	769	810	41	0	35000	2219	0.047016565	130.00143	3.4852982	56.139484	78.114265	94.197556	1.791682E+10	60	775	1370	1809	2770
B_D140314_SGSDSsample1_R02_MHRM_T0	808	856	48	0	35000	2219	0.04977715	130.0042	3.4849548	56.02812	76.77334	91.3941	2.1720052E+10	100	746	1447	1963	2934
B_D140314_SGSDSsample1_R02_MHRM_T0	854	914	60	0	35000	2218	0.052554198	129.94447	3.4854126	65.92616	82.144356	97.65091	2.0649456E+10	42	691	1548	2157	3164
B_D140314_SGSDSsample1_R02_MHRM_T0	912	1000	88	0	35000	2218	0.057652116	129.94725	3.4849548	68.8871	88.35299	105.86434	2.5915871E+10	48	685	1829	2488	3587
B_D140314_SGSDSsample1_R02_MHRM_T0	998	1220	222	0	35000	2218	0.06044575	129.95236	3.4849548	71.58659	89.00247	105.81082	3.9354348E+10	52	939	2448	3330	4352
B_D140314_SGSDSsample1_R03_MHRM_T0	400	430	30	0	35000	2206	0.008279883	129.96246	3.5005188	19.710472	35.161095	47.00688	1.6422514E+10	75	153	557	1003	1564
B_D140314_SGSDSsample1_R03_MHRM_T0	428	459	31	0	35000	2206	0.011004833	129.9652	3.5005188	20.240812	39.60546	53.476467	2.0729412E+10	110	258	644	1167	1719
B_D140314_SGSDSsample1_R03_MHRM_T0	457	483	26	0	35000	2206	0.013748649	129.96793	3.5009766	24.023811	43.61706	59.566013	1.7843319E+10	67	256	664	1112	1596
B_D140314_SGSDSsample1_R03_MHRM_T0	481	506	25	0	35000	2206	0.0164904	129.97067	3.5009766	26.638575	43.271584	60.385372	1.6034749E+10	53	315	767	1107	1761
B_D140314_SGSDSsample1_R03_MHRM_T0	504	531	27	0	35000	2206	0.019231934	129.97342	3.5014343	32.635937	47.776535	62.604633	1.8642831E+10	91	350	897	1190	1798
B_D140314_SGSDSsample1_R03_MHRM_T0	529	554	25	0	35000	2206	0.021986097	129.97617	3.501892	35.34961	50.636646	64.96442	1.5614161E+10	75	380	865	1178	1697
B_D140314_SGSDSsample1_R03_MHRM_T0	552	576	24	0	35000	2206	0.024727734	129.9789	3.5020065	36.641403	52.206066	67.9961	1.6865066E+10	55	393	835	1156	1831
B_D140314_SGSDSsample1_R03_MHRM_T0	574	600	26	0	35000	2206	0.02746945	129.98164	3.501892	38.11192	54.374134	69.80787	1.8260124E+10	91	522	892	1221	1720
B_D140314_SGSDSsample1_R03_MHRM_T0	598	624	26	0	35000	2206	0.030211218	129.98438	3.501892	40.03087	57.771538	74.96948	1.6847525E+10	114	541	930	1285	1983
B_D140314_SGSDSsample1_R03_MHRM_T0	622	650	28	0	35000	2206	0.032952867	129.98714	3.501892	43.811436	60.63677	79.18772	1.560102E+10	74	567	943	1336	2010
B_D140314_SGSDSsample1_R03_MHRM_T0	648	676	28	0	35000	2206	0.03569455	129.98988	3.501892	45.92336	64.15251	80.77298	1.7337348E+10	104	562	1002	1361	2046
B_D140314_SGSDSsample1_R03_MHRM_T0	674	704	30	0	35000	2206	0.03845055	129.99263	3.501892	47.154984	64.335175	82.8335	1.5708073E+10	80	550	969	1397	2596
B_D140314_SGSDSsample1_R03_MHRM_T0	702	735	33	0	35000	2206	0.041215267	129.99539	3.501892	49.308502	65.86008	85.52554	1.6767376E+10	66	618	1071	1477	2370
B_D140314_SGSDSsample1_R03_MHRM_T0	733	771	38	0	35000	2206	0.0439758	129.99815	3.5020065	53.33343	70.87477	88.63984	1.9031482E+10	66	613	1204	1612	2454
B_D140314_SGSDSsample1_R03_MHRM_T0	769	810	41	0	35000	2206	0.046734247	130.00092	3.501892	58.019955	79.260414	96.03781	1.3153354E+10	46	591	1183	1593	2407
B_D140314_SGSDSsample1_R03_MHRM_T0	808	856	48	0	35000	2206	0.049494516	130.00368	3.501892	57.32371	78.15071	91.9313	1.5781115E+10	75	580	1265	1743	2687
B_D140314_SGSDSsample1_R03_MHRM_T0	854	914	60	0	35000	2205	0.05226737	129.9442	3.501892	66.80171	83.3134	97.16213	1.4769544E+10	37	513	1302	1879	2857
B_D140314_SGSDSsample1_R03_MHRM_T0	912	1000	88	0	35000	2205	0.057367414	129.94698	3.501892	69.95079	89.93895	105.97813	1.8326997E+10	55	512	1512	2172	3343
B_D140314_SGSDSsample1_R03_MHRM_T0	998	1220	222	0	35000	2205	0.060157016	129.95209	3.501892	73.886406	90.826164	105.69082	2.7261686E+10	83	663	2040	2926	4223
B_D140314_SGSDSsample2_R01_MHRM_T0	400	430	30	0	35000	2208	0.008565282	130.00047	3.4950256	21.177057	35.66754	47.5374	1.7998422E+10	82	157	575	1064	1522
B_D140314_SGSDSsample2_R01_MHRM_T0	428	459	31	0	35000	2208	0.011292214	130.0032	3.4958267	22.954426	39.940174	54.19068	2.3153687E+10	121	265	678	1242	1821
B_D140314_SGSDSsample2_R01_MHRM_T0	457	483	26	0	35000	2207	0.014033849	129.94632	3.4957695	26.1356	44.433994	60.870014	2.0460612E+10	83	262	721	1178	1689
B_D140314_SGSDSsample2_R01_MHRM_T0	481	506	25	0	35000	2207	0.016775798	129.94907	3.496399	27.369228	43.446777	61.047977	1.7967297E+10	68	314	851	1161	1802
B_D140314_SGSDSsample2_R01_MHRM_T0	504	531	27	0	35000	2207	0.01952143	129.95181	3.4973145	32.816986	47.723743	63.098076	2.06637E+10	103	352	940	1252	1848
B_D140314_SGSDSsample2_R01_MHRM_T0	529	554	25	0	35000	2207	0.022261214	129.95454	3.4973145	35.332592	50.987198	65.44907	1.7266745E+10	96	390	907	1248	1727
B_D140314_SGSDSsample2_R01_MHRM_T0	552	576	24	0	35000	2207	0.02500263	129.95729	3.4973145	36.03262	52.216076	68.59348	1.8841866E+10	66	402	851	1234	1931
B_D140314_SGSDSsample2_R01_MHRM_T0	574	600	26	0	35000	2207	0.027746467	129.96004	3.4977722	37.431248	54.617344	70.05917	2.0344904E+10	106	537	946	1283	1788
B_D140314_SGSDSsample2_R01_MHRM_T0	598	624	26	0	35000	2207	0.030488148	129.96277	3.4977722	39.431454	58.429802	75.46486	1.9004054E+10	115	577	983	1358	2079
B_D140314_SGSDSsample2_R01_MHRM_T0	622	650	28	0	35000	2207	0.0332299	129.96552	3.4976006	44.57195	61.532875	80.04461	1.7303783E+10	95	578	1012	1395	2006
B_D140314_SGSDSsample2_R01_MHRM_T0	648	676	28	0	35000	2207	0.035971597	129.96826	3.4977722	46.389156	65.92711	81.16458	1.953816E+10	102	580	1064	1423	2283
B_D140314_SGSDSsample2_R01_MHRM_T0	674	704	30	0	35000	2207	0.038729813	129.97102	3.4978867	47.917267	66.04641	83.690155	1.7607426E+10	89	590	1040	1454	2835
B_D140314_SGSDSsample2_R01_MHRM_T0	702	735	33	0	35000	2207	0.041490216	129.97379	3.4977722	49.780487	66.81138	86.10341	1.891405E+10	72	690	1166	1558	2477
B_D140314_SGSDSsample2_R01_MHRM_T0	733	771	38	0	35000	2207	0.044246446	129.97655	3.4977722	55.04695	71.77781	89.98549	2.1409427E+10	82	675	1266	1693	2750
B_D140314_SGSDSsample2_R01_MHRM_T0	769	810	41	0	35000	2207	0.047004912	129.9793	3.4977722	60.20358	79.88318	96.50644	1.4513314E+10	54	654	1207	1679	2516
B_D140314_SGSDSsample2_R01_MHRM_T0	808	856	48	0	35000	2207	0.04976528	129.98206	3.4977722	58.972107	79.76856	93.34249	1.7248905E+10	93	633	1305	1817	2783
B_D140314_SGSDSsample2_R01_MHRM_T0	854	914	60	0	35000	2207	0.052540366	129.98483	3.4978867	68.62043	84.40906	99.04599	1.6669747E+10	59	578	1377	1998	3026
B_D140314_SGSDSsample2_R01_MHRM_T0	912	1000	88	0	35000	2207	0.057638247	129.9876	3.4977722	72.61338	92.34904	106.66745	2.0461572E+10	88	579	1578	2263	3587
B_D140314_SGSDSsample2_R01_MHRM_T0	998	1220	222	0	35000	2207	0.060427815	129.99272	3.4977722	73.91239	92.05763	106.96264	3.0105455E+10	232	909	2016	2992	4273
B_D140314_SGSDSsample2_R02_MHRM_T0	400	430	30	0	35000	2216	0.008574083	129.96143	3.4872437	19.452547	33.06984	45.613235	2.2008662E+10	70	147	612	1122	1599
B_D140314_SGSDSsample2_R02_MHRM_T0	428	459	31	0	35000	2216	0.011299049	129.96416	3.486786	19.857586	36.218155	50.675205	2.6733476E+10	117	245	702	1289	1807
B_D140314_SGSDSsample2_R02_MHRM_T0	457	483	26	0	35000	2216	0.014040783	129.9669	3.4872437	22.531855	40.16717	57.81909	2.3558377E+10	69	255	711	1247	1795
B_D140314_SGSDSsample2_R02_MHRM_T0	481	506	25	0	35000	2216	0.016780384	129.96964	3.4872437	24.708206	39.648872	57.064365	2.095315E+10	57	311	846	1234	1893
B_D140314_SGSDSsample2_R02_MHRM_T0	504	531	27	0	35000	2216	0.019521883	129.97238	3.4877014	29.719383	44.233166	59.51775	2.33996E+10	96	368	979	1335	1911
B_D140314_SGSDSsample2_R02_MHRM_T0	529	554	25	0	35000	2216	0.022263616	129.97511	3.4881592	31.230524	46.67742	61.905384	1.9704801E+10	77	380	964	1300	1803
B_D140314_SGSDSsample2_R02_MHRM_T0	552	576	24	0	35000	2216	0.025005285	129.97787	3.4881592	32.332005	48.18882	64.71497	2.1327577E+10	56	393	932	1281	2015
B_D140314_SGSDSsample2_R02_MHRM_T0	574	600	26	0	35000	2216	0.027746951	129.9806	3.4881592	31.926113	51.96453	67.44664	2.2978984E+10	99	514	1000	1340	1795
B_D140314_SGSDSsample2_R02_MHRM_T0	598	624	26	0	35000	2216	0.03049495	129.98335	3.4890747	35.421265	56.03563	72.18435	2.0961808E+10	107	555	1039	1391	2025
B_D140314_SGSDSsample2_R02_MHRM_T0	622	650	28	0	35000	2216	0.033240803	129.9861	3.488617	41.055832	58.303963	75.28808	1.8970663E+10	85	656	1042	1435	2159
B_D140314_SGSDSsample2_R02_MHRM_T0	648	676	28	0	35000	2216	0.03598042	129.98885	3.4881592	43.1332	61.338352	76.63743	2.120348E+10	113	650	1095	1463	2160
B_D140314_SGSDSsample2_R02_MHRM_T0	674	704	30	0	35000	2216	0.038738567	129.9916	3.4881592	43.135963	61.284603	80.43734	1.9098841E+10	94	663	1082	1495	2831
B_D140314_SGSDSsample2_R02_MHRM_T0	702	735	33	0	35000	2216	0.041496918	129.99435	3.488388	45.934967	63.33198	82.38006	2.056219E+10	78	756	1170	1579	2577
B_D140314_SGSDSsample2_R02_MHRM_T0	733	771	38	0	35000	2216	0.04425535	129.99712	3.488388	48.90237	68.620964	86.41854	2.2742931E+10	77	749	1307	1727	2618
B_D140314_SGSDSsample2_R02_MHRM_T0	769	810	41	0	35000	2216	0.04701382	129.99986	3.488617	53.26327	76.24107	93.23388	1.5799565E+10	54	728	1295	1712	2588
B_D140314_SGSDSsample2_R02_MHRM_T0	808	856	48	0	35000	2216	0.049772035	130.00262	3.488617	54.54452	75.12889	90.829384	1.8847128E+10	91	719	1378	1866	2803
B_D140314_SGSDSsample2_R02_MHRM_T0	854	914	60	0	35000	2216	0.052547082	130.00542	3.4885025	62.99182	80.977615	96.22714	1.796233E+10	42	688	1459	2025	2940
B_D140314_SGSDSsample2_R02_MHRM_T0	912	1000	88	0	35000	2215	0.057644967	129.9457	3.4881592	67.00916	87.48603	105.57545	2.2141614E+10	42	725	1731	2333	3362
B_D140314_SGSDSsample2_R02_MHRM_T0	998	1220	222	0	35000	2215	0.06043658	129.9508	3.4881592	69.925285	89.02339	105.46386	3.4178972E+10	48	899	2324	3150	4254
B_D140314_SGSDSsample2_R03_MHRM_T0	400	430	30	0	35000	2209	0.00858033	129.96756	3.4945679	17.505835	32.16721	45.69382	1.7621342E+10	72	148	551	1017	1611
B_D140314_SGSDSsample2_R03_MHRM_T0	428	459	31	0	35000	2209	0.011305315	129.97029	3.4947968	18.61963	36.447018	51.761	2.1362446E+10	107	247	628	1196	1696
B_D140314_SGSDSsample2_R03_MHRM_T0	457	483	26	0	35000	2209	0.014046799	129.97302	3.4950256	22.156176	41.192894	58.11724	1.8753004E+10	67	255	645	1136	1575
B_D140314_SGSDSsample2_R03_MHRM_T0	481	506	25	0	35000	2209	0.01678855	129.97577	3.4950256	24.404194	40.8471	59.17816	1.6931651E+10	59	316	783	1139	1700
B_D140314_SGSDSsample2_R03_MHRM_T0	504	531	27	0	35000	2209	0.019530114	129.97852	3.4950256	30.309465	46.58872	61.979027	1.9130247E+10	90	353	935	1227	1773
B_D140314_SGSDSsample2_R03_MHRM_T0	529	554	25	0	35000	2209	0.022274116	129.98126	3.4957123	32.82447	49.565155	64.31716	1.6262824E+10	74	370	911	1200	1705
B_D140314_SGSDSsample2_R03_MHRM_T0	552	576	24	0	35000	2209	0.025015663	129.984	3.4959412	34.180202	51.134872	68.044174	1.7721344E+10	49	388	865	1189	1731
B_D140314_SGSDSsample2_R03_MHRM_T0	574	600	26	0	35000	2209	0.027757267	129.98674	3.4959412	35.35454	53.700695	69.51808	1.9349473E+10	87	520	933	1241	1766
B_D140314_SGSDSsample2_R03_MHRM_T0	598	624	26	0	35000	2209	0.030503081	129.98949	3.496399	38.058167	57.37176	74.61186	1.7780773E+10	88	546	980	1297	1978
B_D140314_SGSDSsample2_R03_MHRM_T0	622	650	28	0	35000	2209	0.03324495	129.99222	3.496399	43.02298	60.184917	78.87756	1.6325673E+10	78	624	985	1355	2164
B_D140314_SGSDSsample2_R03_MHRM_T0	648	676	28	0	35000	2209	0.0359866	129.99496	3.496399	45.370068	64.03855	79.99032	1.8424502E+10	106	611	1033	1384	2091
B_D140314_SGSDSsample2_R03_MHRM_T0	674	704	30	0	35000	2209	0.038744982	129.99773	3.4962845	46.54797	64.73907	82.453415	1.6737062E+10	80	610	1000	1424	2665
B_D140314_SGSDSsample2_R03_MHRM_T0	702	735	33	0	35000	2209	0.041503146	130.00047	3.496399	48.592228	65.38485	85.21453	1.8040185E+10	62	686	1118	1534	2493
B_D140314_SGSDSsample2_R03_MHRM_T0	733	771	38	0	35000	2209	0.044259395	130.00323	3.496399	52.95868	70.356255	88.26399	2.024106E+10	64	655	1239	1660	2609
B_D140314_SGSDSsample2_R03_MHRM_T0	769	810	41	0	35000	2208	0.047020033	129.94386	3.496399	57.73959	78.662025	95.19217	1.4354823E+10	47	647	1240	1658	2663
B_D140314_SGSDSsample2_R03_MHRM_T0	808	856	48	0	35000	2208	0.049778268	129.94662	3.496399	56.98191	77.962364	91.562294	1.7081457E+10	79	634	1317	1812	2793
B_D140314_SGSDSsample2_R03_MHRM_T0	854	914	60	0	35000	2208	0.05255953	129.94942	3.496399	66.616455	82.76017	97.25051	1.6445663E+10	38	591	1398	1973	2893
B_D140314_SGSDSsample2_R03_MHRM_T0	912	1000	88	0	35000	2208	0.0576595	129.95218	3.49617	69.54498	89.3909	105.55881	2.042671E+10	34	608	1623	2269	3400
B_D140314_SGSDSsample2_R03_MHRM_T0	998	1220	222	0	35000	2208	0.060451232	129.9573	3.496399	73.297455	90.637474	105.7385	3.1268895E+10	40	758	2175	3106	4115
B_D140314_SGSDSsample3_R01_MHRM_T0	400	430	30	0	35000	2208	0.008560569	129.96054	3.4954834	21.775051	36.48169	48.260456	1.8137156E+10	85	162	572	1068	1516
B_D140314_SGSDSsample3_R01_MHRM_T0	428	459	31	0	35000	2208	0.011287601	129.96326	3.4959412	23.961931	40.807465	54.68366	2.320715E+10	126	263	723	1239	1710
B_D140314_SGSDSsample3_R01_MHRM_T0	457	483	26	0	35000	2208	0.014027034	129.966	3.496399	27.091194	45.702267	62.453236	2.077433E+10	79	268	742	1173	1746
B_D140314_SGSDSsample3_R01_MHRM_T0	481	506	25	0	35000	2208	0.016770868	129.96875	3.4966278	28.326096	44.060867	62.16243	1.8229864E+10	72	324	844	1172	1752
B_D140314_SGSDSsample3_R01_MHRM_T0	504	531	27	0	35000	2208	0.019514618	129.9715	3.4975433	33.2234	47.85846	63.277637	2.0620972E+10	108	330	937	1257	1871
B_D140314_SGSDSsample3_R01_MHRM_T0	529	554	25	0	35000	2208	0.02225647	129.97423	3.4978867	35.855865	51.07449	65.744514	1.7294117E+10	87	384	913	1243	1774
B_D140314_SGSDSsample3_R01_MHRM_T0	552	576	24	0	35000	2208	0.024997968	129.97697	3.4976578	36.32332	52.244938	68.47567	1.8818111E+10	68	398	857	1230	1832
B_D140314_SGSDSsample3_R01_MHRM_T0	574	600	26	0	35000	2208	0.027741717	129.9797	3.4977722	37.376804	54.817207	70.11308	2.0412017E+10	95	533	952	1282	1848
B_D140314_SGSDSsample3_R01_MHRM_T0	598	624	26	0	35000	2208	0.030481318	129.98245	3.4976578	39.606514	58.731956	75.33578	1.8723783E+10	112	539	971	1353	2066
B_D140314_SGSDSsample3_R01_MHRM_T0	622	650	28	0	35000	2208	0.03322312	129.9852	3.4977722	44.543274	61.590588	79.56017	1.6987163E+10	92	558	991	1397	2036
B_D140314_SGSDSsample3_R01_MHRM_T0	648	676	28	0	35000	2208	0.035964802	129.98795	3.4970856	46.654922	65.52289	80.43892	1.8951352E+10	106	560	1052	1408	2125
B_D140314_SGSDSsample3_R01_MHRM_T0	674	704	30	0	35000	2208	0.03872305	129.9907	3.4973145	47.643658	66.11021	83.134254	1.7094341E+10	78	570	1017	1446	2793
B_D140314_SGSDSsample3_R01_MHRM_T0	702	735	33	0	35000	2208	0.04148132	129.99345	3.4973145	49.742447	66.63238	85.36759	1.8285724E+10	71	662	1126	1540	2461
B_D140314_SGSDSsample3_R01_MHRM_T0	733	771	38	0	35000	2208	0.0442396	129.99622	3.4970856	54.24785	71.06614	89.00271	2.0439499E+10	74	652	1233	1661	2689
B_D140314_SGSDSsample3_R01_MHRM_T0	769	810	41	0	35000	2208	0.046997968	129.99898	3.4973145	60.495228	79.74964	96.22882	1.4155255E+10	46	633	1191	1658	2389
B_D140314_SGSDSsample3_R01_MHRM_T0	808	856	48	0	35000	2208	0.0497585	130.00174	3.4973145	59.042088	79.40116	92.5415	1.6470328E+10	83	595	1270	1800	2749
B_D140314_SGSDSsample3_R01_MHRM_T0	854	914	60	0	35000	2208	0.05253355	130.00452	3.4973145	68.44526	83.912056	97.82144	1.5878494E+10	45	545	1351	1962	2797
B_D140314_SGSDSsample3_R01_MHRM_T0	912	1000	88	0	35000	2207	0.0576314	129.9483	3.4968567	71.667145	90.54503	106.27815	1.9542004E+10	53	552	1555	2240	3432
B_D140314_SGSDSsample3_R01_MHRM_T0	998	1220	222	0	35000	2207	0.060423084	129.95343	3.4968567	74.07631	90.903175	106.22493	2.9697335E+10	146	789	2064	3040	4164
B_D140314_SGSDSsample3_R02_MHRM_T0	400	430	30	0	35000	2207	0.009229882	129.96446	3.496399	21.403234	36.14667	48.12654	1.765019E+10	77	157	554	1056	1474
B_D140314_SGSDSsample3_R02_MHRM_T0	428	459	31	0	35000	2207	0.011959083	129.96718	3.49617	23.18072	40.77556	55.41385	2.3824245E+10	136	261	698	1227	1769
B_D140314_SGSDSsample3_R02_MHRM_T0	457	483	26	0	35000	2207	0.014698584	129.96992	3.4966278	26.314606	45.39683	62.438942	2.0533967E+10	81	265	736	1172	1776
B_D140314_SGSDSsample3_R02_MHRM_T0	481	506	25	0	35000	2207	0.0174402	129.97267	3.4966278	27.371208	43.63314	61.444244	1.7807686E+10	62	319	844	1166	1765
B_D140314_SGSDSsample3_R02_MHRM_T0	504	531	27	0	35000	2207	0.020183781	129.9754	3.4967422	32.884136	47.61241	62.97161	2.0649042E+10	104	329	943	1241	1825
B_D140314_SGSDSsample3_R02_MHRM_T0	529	554	25	0	35000	2207	0.022925613	129.97815	3.4973145	35.40691	50.70669	65.37457	1.7142395E+10	94	376	912	1236	1714
B_D140314_SGSDSsample3_R02_MHRM_T0	552	576	24	0	35000	2207	0.025665231	129.9809	3.497429	35.987553	51.988415	68.04465	1.8624979E+10	53	378	856	1217	1834
B_D140314_SGSDSsample3_R02_MHRM_T0	574	600	26	0	35000	2207	0.028407017	129.98364	3.4973717	37.1605	54.731815	69.796234	2.0182581E+10	98	510	939	1277	1736
B_D140314_SGSDSsample3_R02_MHRM_T0	598	624	26	0	35000	2207	0.031148683	129.98637	3.4973145	39.456898	58.470127	75.017685	1.8585342E+10	94	533	972	1356	2011
B_D140314_SGSDSsample3_R02_MHRM_T0	622	650	28	0	35000	2207	0.033890147	129.98912	3.4975433	44.40794	61.22492	78.42	1.6753521E+10	88	561	970	1384	1933
B_D140314_SGSDSsample3_R02_MHRM_T0	648	676	28	0	35000	2207	0.036631934	129.99187	3.4973145	46.405922	64.80469	79.41819	1.8741187E+10	101	559	1030	1399	2218
B_D140314_SGSDSsample3_R02_MHRM_T0	674	704	30	0	35000	2207	0.03938817	129.99461	3.4976578	47.163998	65.741646	82.69632	1.693258E+10	80	587	983	1443	2825
B_D140314_SGSDSsample3_R02_MHRM_T0	702	735	33	0	35000	2207	0.042146616	129.99738	3.4973717	49.375755	66.149185	84.160194	1.8063428E+10	55	663	1111	1523	2441
B_D140314_SGSDSsample3_R02_MHRM_T0	733	771	38	0	35000	2207	0.044904813	130.00014	3.4973145	53.99005	70.69551	88.08978	2.0272509E+10	69	662	1205	1650	2653
B_D140314_SGSDSsample3_R02_MHRM_T0	769	810	41	0	35000	2207	0.047663298	130.00288	3.4973145	59.888844	79.13615	95.08398	1.3958633E+10	38	637	1184	1658	2400
B_D140314_SGSDSsample3_R02_MHRM_T0	808	856	48	0	35000	2206	0.0504215	129.94348	3.4975433	58.77834	78.554306	92.326294	1.6406649E+10	81	611	1267	1787	2887
B_D140314_SGSDSsample3_R02_MHRM_T0	854	914	60	0	35000	2206	0.05319638	129.94626	3.4976006	68.18973	83.00313	96.854195	1.5795177E+10	43	551	1339	1959	2874
B_D140314_SGSDSsample3_R02_MHRM_T0	912	1000	88	0	35000	2206	0.058294483	129.94904	3.497715	70.93761	89.80465	106.26215	1.941742E+10	73	542	1585	2243	3367
B_D140314_SGSDSsample3_R02_MHRM_T0	998	1220	222	0	35000	2206	0.06108618	129.95415	3.4977722	73.7605	90.16109	106.09086	3.0107828E+10	181	774	2119	3050	4099
B_D140314_SGSDSsample3_R03_MHRM_T0	400	430	30	0	35000	2211	0.008555383	129.96346	3.493538	20.59714	34.212067	46.667595	1.9022008E+10	73	168	589	1081	1537
B_D140314_SGSDSsample3_R03_MHRM_T0	428	459	31	0	35000	2211	0.011280448	129.96619	3.4936523	21.114824	38.062508	53.013554	2.4826958E+10	126	273	678	1257	1708
B_D140314_SGSDSsample3_R03_MHRM_T0	457	483	26	0	35000	2211	0.0140304	129.96893	3.4936523	23.57002	41.320255	58.729916	2.1368287E+10	77	280	718	1198	1732
B_D140314_SGSDSsample3_R03_MHRM_T0	481	506	25	0	35000	2211	0.01677395	129.97166	3.4936523	25.986208	40.912933	58.96548	1.8985865E+10	58	329	821	1189	1808
B_D140314_SGSDSsample3_R03_MHRM_T0	504	531	27	0	35000	2211	0.019515634	129.97441	3.49411	30.831572	45.342117	61.076168	2.1626018E+10	102	368	949	1272	1864
B_D140314_SGSDSsample3_R03_MHRM_T0	529	554	25	0	35000	2211	0.022257268	129.97716	3.4945679	32.583244	48.03036	63.712303	1.819869E+10	94	407	941	1257	1781
B_D140314_SGSDSsample3_R03_MHRM_T0	552	576	24	0	35000	2211	0.024997083	129.97989	3.49411	33.10988	48.95871	66.16778	1.9811131E+10	64	414	907	1246	1804
B_D140314_SGSDSsample3_R03_MHRM_T0	574	600	26	0	35000	2211	0.027738782	129.98264	3.4944534	33.23009	52.74126	68.77988	2.1461527E+10	104	538	988	1308	1785
B_D140314_SGSDSsample3_R03_MHRM_T0	598	624	26	0	35000	2211	0.030480431	129.98537	3.4945679	35.924164	56.946198	73.63833	1.9612817E+10	119	570	1025	1361	1995
B_D140314_SGSDSsample3_R03_MHRM_T0	622	650	28	0	35000	2211	0.03322408	129.98811	3.4945679	41.802216	59.275913	77.32703	1.7694079E+10	95	624	1027	1409	2045
B_D140314_SGSDSsample3_R03_MHRM_T0	648	676	28	0	35000	2211	0.035965633	129.99086	3.4945679	43.595585	62.725456	78.79229	1.9950217E+10	112	624	1099	1427	2137
B_D140314_SGSDSsample3_R03_MHRM_T0	674	704	30	0	35000	2211	0.03872403	129.99362	3.4945679	43.832157	63.082333	81.88769	1.7953923E+10	89	641	1053	1471	2699
B_D140314_SGSDSsample3_R03_MHRM_T0	702	735	33	0	35000	2211	0.041482333	129.99637	3.494339	46.34967	64.49188	83.65545	1.9290178E+10	77	719	1142	1556	2467
B_D140314_SGSDSsample3_R03_MHRM_T0	733	771	38	0	35000	2211	0.044240817	129.99913	3.494339	49.559082	69.67005	87.59153	2.1514516E+10	79	732	1277	1686	2590
B_D140314_SGSDSsample3_R03_MHRM_T0	769	810	41	0	35000	2211	0.046999168	130.00189	3.4945679	54.98088	78.04292	94.04824	1.4891887E+10	50	701	1249	1678	2455
B_D140314_SGSDSsample3_R03_MHRM_T0	808	856	48	0	35000	2211	0.049755283	130.00465	3.4945679	55.21576	77.04864	91.76825	1.7466214E+10	82	682	1322	1822	2761
B_D140314_SGSDSsample3_R03_MHRM_T0	854	914	60	0	35000	2210	0.052530482	129.94543	3.4944534	64.91237	82.19567	96.04737	1.6577116E+10	39	632	1390	1987	2959
B_D140314_SGSDSsample3_R03_MHRM_T0	912	1000	88	0	35000	2210	0.05762832	129.9482	3.49411	69.037834	88.83419	105.93342	2.0265875E+10	37	609	1627	2263	3442
B_D140314_SGSDSsample3_R03_MHRM_T0	998	1220	222	0	35000	2210	0.060420033	129.95332	3.49411	73.142204	90.249084	105.58541	3.0558437E+10	37	741	2164	3046	4187
B_D140314_SGSDSsample4_R01_MHRM_T0	400	430	30	0	35000	2206	0.0085674515	129.97041	3.4991455	21.310413	35.81973	47.80486	1.6501317E+10	84	152	563	1040	1428
B_D140314_SGSDSsample4_R01_MHRM_T0	428	459	31	0	35000	2206	0.011290418	129.97314	3.4994888	23.214813	40.56835	55.009354	2.1645076E+10	128	254	677	1199	1733
B_D140314_SGSDSsample4_R01_MHRM_T0	457	483	26	0	35000	2206	0.014034151	129.97588	3.4998894	26.219858	44.947697	61.629093	1.8925883E+10	78	250	720	1135	1714
B_D140314_SGSDSsample4_R01_MHRM_T0	481	506	25	0	35000	2206	0.0167819	129.97862	3.500061	27.452763	43.723476	61.453278	1.6712223E+10	69	305	830	1138	1656
B_D140314_SGSDSsample4_R01_MHRM_T0	504	531	27	0	35000	2206	0.019521398	129.98135	3.5004616	33.02521	47.87393	63.51831	1.9346506E+10	105	340	913	1214	1783
B_D140314_SGSDSsample4_R01_MHRM_T0	529	554	25	0	35000	2206	0.022265302	129.98412	3.5005188	35.540997	51.152782	65.9272	1.6205842E+10	94	368	892	1206	1704
B_D140314_SGSDSsample4_R01_MHRM_T0	552	576	24	0	35000	2206	0.025007084	129.98685	3.5005188	36.125385	52.322887	69.07994	1.7768632E+10	56	381	832	1195	1936
B_D140314_SGSDSsample4_R01_MHRM_T0	574	600	26	0	35000	2206	0.027748736	129.9896	3.5005188	37.416187	54.908176	70.72568	1.9352773E+10	99	513	920	1250	1799
B_D140314_SGSDSsample4_R01_MHRM_T0	598	624	26	0	35000	2206	0.030488351	129.99234	3.5006332	39.47635	59.058067	75.89879	1.7899862E+10	104	537	952	1322	2004
B_D140314_SGSDSsample4_R01_MHRM_T0	622	650	28	0	35000	2206	0.033231817	129.99509	3.5005188	44.61195	61.883377	80.29618	1.6237463E+10	98	549	962	1355	1962
B_D140314_SGSDSsample4_R01_MHRM_T0	648	676	28	0	35000	2206	0.035973635	129.99782	3.5005188	46.5475	66.00056	80.94425	1.8336625E+10	114	543	1022	1381	2132
B_D140314_SGSDSsample4_R01_MHRM_T0	674	704	30	0	35000	2206	0.038731918	130.00058	3.5005188	47.717407	66.63913	83.88081	1.6606769E+10	94	566	999	1414	2838
B_D140314_SGSDSsample4_R01_MHRM_T0	702	735	33	0	35000	2206	0.04149045	130.00334	3.500576	49.762894	66.99231	86.04882	1.777354E+10	84	642	1114	1525	2445
B_D140314_SGSDSsample4_R01_MHRM_T0	733	771	38	0	35000	2205	0.044263236	129.94684	3.5005188	54.8671	71.74081	89.93657	1.986767E+10	92	632	1208	1642	2677
B_D140314_SGSDSsample4_R01_MHRM_T0	769	810	41	0	35000	2205	0.047021598	129.94958	3.5006332	61.77804	80.425896	96.75355	1.3740654E+10	61	600	1134	1639	2426
B_D140314_SGSDSsample4_R01_MHRM_T0	808	856	48	0	35000	2205	0.049781963	129.95238	3.5005188	59.89819	80.25189	93.475815	1.5866059E+10	102	585	1218	1767	2758
B_D140314_SGSDSsample4_R01_MHRM_T0	854	914	60	0	35000	2205	0.052554887	129.95514	3.5005188	69.28276	84.3573	98.642914	1.554398E+10	72	553	1295	1937	2893
B_D140314_SGSDSsample4_R01_MHRM_T0	912	1000	88	0	35000	2205	0.0576529	129.95792	3.5001755	73.048195	92.24354	106.57383	1.8861083E+10	101	555	1454	2184	3287
B_D140314_SGSDSsample4_R01_MHRM_T0	998	1220	222	0	35000	2205	0.06044455	129.96304	3.5006332	73.99495	91.83857	106.34608	2.8141435E+10	295	905	1923	2931	4177
B_D140314_SGSDSsample4_R02_MHRM_T0	400	430	30	0	35000	2208	0.008284	129.95384	3.4950256	21.086678	35.737495	47.637062	1.8816565E+10	80	167	593	1077	1525
B_D140314_SGSDSsample4_R02_MHRM_T0	428	459	31	0	35000	2208	0.011008913	129.95657	3.4954834	23.213814	40.009007	53.946392	2.3785734E+10	129	280	727	1246	1764
B_D140314_SGSDSsample4_R02_MHRM_T0	457	483	26	0	35000	2208	0.013752599	129.9593	3.496399	26.10036	45.079716	62.29626	2.1248643E+10	75	281	760	1187	1705
B_D140314_SGSDSsample4_R02_MHRM_T0	481	506	25	0	35000	2208	0.016494313	129.96205	3.496399	27.450733	43.787888	61.892662	1.8957728E+10	69	342	858	1187	1801
B_D140314_SGSDSsample4_R02_MHRM_T0	504	531	27	0	35000	2208	0.019235965	129.96478	3.4977722	32.529716	47.3532	62.76824	2.1282523E+10	102	353	958	1276	1802
B_D140314_SGSDSsample4_R02_MHRM_T0	529	554	25	0	35000	2208	0.021977765	129.96753	3.4977722	35.344242	50.683758	65.28956	1.8051672E+10	86	405	937	1264	1806
B_D140314_SGSDSsample4_R02_MHRM_T0	552	576	24	0	35000	2208	0.02471948	129.97028	3.4976578	35.931076	52.029053	68.59928	1.958656E+10	56	415	880	1247	1856
B_D140314_SGSDSsample4_R02_MHRM_T0	574	600	26	0	35000	2208	0.027461031	129.97302	3.4973145	37.391155	54.547173	69.8354	2.142406E+10	99	561	969	1310	1800
B_D140314_SGSDSsample4_R02_MHRM_T0	598	624	26	0	35000	2208	0.030202582	129.97575	3.4970856	39.38715	58.74829	75.236115	1.9694914E+10	101	586	1000	1374	2056
B_D140314_SGSDSsample4_R02_MHRM_T0	622	650	28	0	35000	2208	0.032944348	129.9785	3.4968567	44.037514	61.20913	79.22297	1.7856254E+10	93	588	1033	1422	2035
B_D140314_SGSDSsample4_R02_MHRM_T0	648	676	28	0	35000	2208	0.035686165	129.98125	3.4968567	46.555664	65.65113	80.51045	2.011328E+10	109	591	1085	1445	2268
B_D140314_SGSDSsample4_R02_MHRM_T0	674	704	30	0	35000	2208	0.038446583	129.98402	3.4968567	47.25511	65.826805	82.97798	1.7990515E+10	85	599	1037	1487	2917
B_D140314_SGSDSsample4_R02_MHRM_T0	702	735	33	0	35000	2208	0.041204765	129.98677	3.4970856	49.531494	66.180435	85.03404	1.9311081E+10	69	688	1148	1571	2458
B_D140314_SGSDSsample4_R02_MHRM_T0	733	771	38	0	35000	2208	0.043963183	129.98953	3.4972	54.445583	70.72721	88.61369	2.1563324E+10	76	684	1264	1702	2674
B_D140314_SGSDSsample4_R02_MHRM_T0	769	810	41	0	35000	2208	0.046721414	129.9923	3.4973145	60.63751	79.17701	95.4899	1.493973E+10	52	652	1220	1701	2583
B_D140314_SGSDSsample4_R02_MHRM_T0	808	856	48	0	35000	2208	0.0494778	129.99506	3.4973145	59.003506	79.00392	92.212036	1.7332689E+10	82	622	1293	1838	2776
B_D140314_SGSDSsample4_R02_MHRM_T0	854	914	60	0	35000	2208	0.0522549	129.99782	3.4970856	67.93139	83.284615	97.25945	1.6825602E+10	42	571	1379	2018	2968
B_D140314_SGSDSsample4_R02_MHRM_T0	912	1000	88	0	35000	2208	0.057352748	130.0006	3.4970856	70.73787	89.97989	106.26722	2.0654438E+10	57	599	1579	2281	3438
B_D140314_SGSDSsample4_R02_MHRM_T0	998	1220	222	0	35000	2208	0.06014446	130.00574	3.4972	73.10259	89.86702	105.74319	3.1550904E+10	149	836	2153	3099	4238
B_D140314_SGSDSsample4_R03_MHRM_T0	400	430	30	0	35000	2215	0.008718863	129.98814	3.486786	19.85757	32.63684	44.676037	2.133368E+10	73	156	589	1113	1583
B_D140314_SGSDSsample4_R03_MHRM_T0	428	459	31	0	35000	2215	0.011441715	129.99088	3.486786	20.776093	35.844395	50.21211	2.5434479E+10	114	263	683	1287	1915
B_D140314_SGSDSsample4_R03_MHRM_T0	457	483	26	0	35000	2215	0.014185448	129.9936	3.4872437	22.942986	39.635826	57.48604	2.2670561E+10	61	263	671	1223	1740
B_D140314_SGSDSsample4_R03_MHRM_T0	481	506	25	0	35000	2215	0.01692725	129.99635	3.4872437	25.278053	39.11293	57.312283	2.0395684E+10	58	323	822	1213	1989
B_D140314_SGSDSsample4_R03_MHRM_T0	504	531	27	0	35000	2215	0.019666666	129.9991	3.4877014	29.755177	43.52142	59.30051	2.2505404E+10	88	377	970	1308	1867
B_D140314_SGSDSsample4_R03_MHRM_T0	529	554	25	0	35000	2215	0.022408335	130.00185	3.4881592	31.32355	46.21526	62.401867	1.9155126E+10	86	398	947	1295	1783
B_D140314_SGSDSsample4_R03_MHRM_T0	552	576	24	0	35000	2215	0.0251542	130.00458	3.488617	32.3073	47.903473	65.32148	2.0734702E+10	61	414	919	1281	1900
B_D140314_SGSDSsample4_R03_MHRM_T0	574	600	26	0	35000	2214	0.027895883	129.94505	3.488617	32.196224	51.737507	67.87589	2.2672144E+10	108	562	1019	1336	1822
B_D140314_SGSDSsample4_R03_MHRM_T0	598	624	26	0	35000	2214	0.030637696	129.94778	3.4890747	35.046677	55.98958	73.02822	2.062357E+10	104	593	1059	1384	2015
B_D140314_SGSDSsample4_R03_MHRM_T0	622	650	28	0	35000	2214	0.033381414	129.95055	3.4890747	40.7506	58.732113	77.07663	1.8636683E+10	99	650	1071	1433	2062
B_D140314_SGSDSsample4_R03_MHRM_T0	648	676	28	0	35000	2214	0.036123063	129.95328	3.4890747	42.835884	62.354626	78.30849	2.1023144E+10	115	654	1129	1454	2106
B_D140314_SGSDSsample4_R03_MHRM_T0	674	704	30	0	35000	2214	0.038881183	129.95604	3.4890747	42.955006	62.53417	81.576164	1.9013784E+10	87	660	1112	1501	2796
B_D140314_SGSDSsample4_R03_MHRM_T0	702	735	33	0	35000	2214	0.041637514	129.95879	3.4890747	45.63722	64.11596	83.8047	2.0617064E+10	73	777	1227	1587	2668
B_D140314_SGSDSsample4_R03_MHRM_T0	733	771	38	0	35000	2214	0.04439583	129.96155	3.4890747	49.200687	69.06359	87.435356	2.2724643E+10	71	763	1338	1726	2726
B_D140314_SGSDSsample4_R03_MHRM_T0	769	810	41	0	35000	2214	0.04715433	129.96431	3.4890747	54.786575	77.79289	93.707596	1.600389E+10	50	769	1317	1709	2716
B_D140314_SGSDSsample4_R03_MHRM_T0	808	856	48	0	35000	2214	0.049912617	129.96707	3.4895325	54.67338	76.62363	91.37178	1.8675825E+10	75	738	1382	1860	2780
B_D140314_SGSDSsample4_R03_MHRM_T0	854	914	60	0	35000	2214	0.052689683	129.96983	3.4895325	64.30233	81.70805	97.17066	1.8257981E+10	38	696	1472	2041	3013
B_D140314_SGSDSsample4_R03_MHRM_T0	912	1000	88	0	35000	2214	0.057787616	129.97263	3.4890747	67.96035	88.32406	105.33358	2.2275238E+10	28	745	1730	2339	3570
B_D140314_SGSDSsample4_R03_MHRM_T0	998	1220	222	0	35000	2214	0.06057928	129.97774	3.4890747	71.59572	89.61804	105.28048	3.442641E+10	40	893	2331	3172	4160
B_D140314_SGSDSsample5_R01_MHRM_T0	400	430	30	0	35000	2219	0.008554883	129.96251	3.4835815	19.583067	33.697952	45.9377	2.2621432E+10	78	172	632	1121	1615
B_D140314_SGSDSsample5_R01_MHRM_T0	428	459	31	0	35000	2219	0.011283949	129.96524	3.4833527	20.051922	36.422993	51.304394	2.7996738E+10	126	280	711	1278	1839
B_D140314_SGSDSsample5_R01_MHRM_T0	457	483	26	0	35000	2219	0.014025731	129.96799	3.4835815	23.25202	41.360306	59.04811	2.5204863E+10	78	290	756	1246	1722
B_D140314_SGSDSsample5_R01_MHRM_T0	481	506	25	0	35000	2219	0.016767533	129.97073	3.4840393	25.75654	40.787647	59.225426	2.3141288E+10	69	338	878	1248	2049
B_D140314_SGSDSsample5_R01_MHRM_T0	504	531	27	0	35000	2219	0.019508798	129.97346	3.4840393	30.00565	44.042225	59.981606	2.47975E+10	104	397	997	1338	1971
B_D140314_SGSDSsample5_R01_MHRM_T0	529	554	25	0	35000	2219	0.022250617	129.97621	3.484497	32.438736	47.816467	62.96238	2.1190701E+10	91	419	984	1321	1869
B_D140314_SGSDSsample5_R01_MHRM_T0	552	576	24	0	35000	2219	0.0249922	129.97896	3.484497	32.383392	48.698177	66.27311	2.2957883E+10	70	436	950	1308	1914
B_D140314_SGSDSsample5_R01_MHRM_T0	574	600	26	0	35000	2219	0.027731966	129.9817	3.4840393	34.416176	53.421574	69.29088	2.5769638E+10	114	610	1023	1378	1887
B_D140314_SGSDSsample5_R01_MHRM_T0	598	624	26	0	35000	2219	0.030473664	129.98444	3.4840393	36.850586	56.85175	74.093155	2.3296076E+10	122	633	1074	1429	2190
B_D140314_SGSDSsample5_R01_MHRM_T0	622	650	28	0	35000	2219	0.033215314	129.98718	3.4840393	42.366608	60.578312	79.35986	2.117165E+10	130	678	1112	1485	2140
B_D140314_SGSDSsample5_R01_MHRM_T0	648	676	28	0	35000	2219	0.035956897	129.98991	3.484497	44.524647	63.91116	79.42049	2.404373E+10	123	690	1163	1522	2322
B_D140314_SGSDSsample5_R01_MHRM_T0	674	704	30	0	35000	2219	0.038715146	129.99268	3.4840393	44.928715	65.12985	83.224594	2.2226176E+10	117	684	1161	1577	2684
B_D140314_SGSDSsample5_R01_MHRM_T0	702	735	33	0	35000	2219	0.04147355	129.99544	3.484497	46.261288	65.075645	85.048965	2.3812241E+10	77	793	1299	1668	2726
B_D140314_SGSDSsample5_R01_MHRM_T0	733	771	38	0	35000	2219	0.04422988	129.9982	3.4849548	51.744137	69.94776	88.92793	2.6170016E+10	91	797	1404	1822	2770
B_D140314_SGSDSsample5_R01_MHRM_T0	769	810	41	0	35000	2219	0.046988316	130.00096	3.484497	58.03506	78.79187	93.90904	1.8912143E+10	63	778	1363	1828	2758
B_D140314_SGSDSsample5_R01_MHRM_T0	808	856	48	0	35000	2219	0.04974638	130.00372	3.4849548	57.22412	77.5654	91.97561	2.129697E+10	77	750	1443	1967	2855
B_D140314_SGSDSsample5_R01_MHRM_T0	854	914	60	0	35000	2218	0.052521467	129.94463	3.4849548	67.45313	83.06184	98.65387	2.156472E+10	44	686	1562	2183	3191
B_D140314_SGSDSsample5_R01_MHRM_T0	912	1000	88	0	35000	2218	0.05761948	129.9474	3.4849548	68.61162	89.05785	105.99021	2.5998553E+10	32	732	1804	2479	3503
B_D140314_SGSDSsample5_R01_MHRM_T0	998	1220	222	0	35000	2218	0.06040903	129.95251	3.4849548	72.01798	90.70439	106.69839	4.005143E+10	48	981	2472	3305	4327
B_D140314_SGSDSsample5_R02_MHRM_T0	400	430	30	0	35000	2222	0.0073321136	129.99628	3.4831238	19.41149	33.81995	45.73148	2.381221E+10	74	162	641	1144	1586
B_D140314_SGSDSsample5_R02_MHRM_T0	428	459	31	0	35000	2222	0.010054913	129.999	3.4831238	20.048012	36.774136	51.008556	2.8709917E+10	123	275	733	1298	1838
B_D140314_SGSDSsample5_R02_MHRM_T0	457	483	26	0	35000	2222	0.012796663	130.00174	3.4831238	23.189232	41.450813	57.79613	2.5448395E+10	74	265	757	1259	1746
B_D140314_SGSDSsample5_R02_MHRM_T0	481	506	25	0	35000	2222	0.015540448	130.00449	3.4835815	25.822432	41.27922	58.609413	2.367148E+10	67	329	872	1260	1963
B_D140314_SGSDSsample5_R02_MHRM_T0	504	531	27	0	35000	2221	0.01827975	129.94762	3.4833527	30.118536	44.065487	59.53847	2.5403142E+10	99	397	1007	1364	1821
B_D140314_SGSDSsample5_R02_MHRM_T0	529	554	25	0	35000	2221	0.021021448	129.95035	3.4835815	32.901157	47.785286	62.156765	2.195339E+10	92	409	997	1334	1884
B_D140314_SGSDSsample5_R02_MHRM_T0	552	576	24	0	35000	2221	0.023763215	129.9531	3.4835815	32.727978	48.94914	65.98742	2.3648532E+10	72	404	962	1335	1935
B_D140314_SGSDSsample5_R02_MHRM_T0	574	600	26	0	35000	2221	0.026505016	129.95583	3.4840393	34.8752	52.997253	68.53862	2.6350227E+10	123	566	1044	1395	1904
B_D140314_SGSDSsample5_R02_MHRM_T0	598	624	26	0	35000	2221	0.029246699	129.95857	3.4838104	36.85014	56.297356	73.20935	2.3646E+10	115	598	1087	1457	2065
B_D140314_SGSDSsample5_R02_MHRM_T0	622	650	28	0	35000	2221	0.031986117	129.96132	3.4838104	41.872086	59.61025	77.42203	2.13705E+10	94	685	1104	1515	2115
B_D140314_SGSDSsample5_R02_MHRM_T0	648	676	28	0	35000	2221	0.034729797	129.96407	3.4840393	43.910366	62.523422	77.71725	2.3941167E+10	124	697	1168	1537	2212
B_D140314_SGSDSsample5_R02_MHRM_T0	674	704	30	0	35000	2221	0.0374903	129.96683	3.4840393	44.31328	63.865444	81.98622	2.224351E+10	118	698	1143	1594	2827
B_D140314_SGSDSsample5_R02_MHRM_T0	702	735	33	0	35000	2221	0.040248618	129.96957	3.4840393	45.940266	64.15726	83.27692	2.3802972E+10	86	812	1294	1698	2599
B_D140314_SGSDSsample5_R02_MHRM_T0	733	771	38	0	35000	2221	0.043007117	129.97234	3.4835815	50.352016	69.14198	87.084595	2.6168668E+10	92	827	1402	1833	2718
B_D140314_SGSDSsample5_R02_MHRM_T0	769	810	41	0	35000	2221	0.045765467	129.97508	3.4838104	55.854866	77.55288	92.36007	1.8791238E+10	56	828	1393	1823	2814
B_D140314_SGSDSsample5_R02_MHRM_T0	808	856	48	0	35000	2221	0.048521683	129.97784	3.4840393	55.219868	76.10043	91.133965	2.1425654E+10	80	792	1475	1968	2807
B_D140314_SGSDSsample5_R02_MHRM_T0	854	914	60	0	35000	2221	0.051296547	129.98062	3.4840393	65.03618	81.41344	97.40691	2.1627935E+10	48	731	1624	2171	3075
B_D140314_SGSDSsample5_R02_MHRM_T0	912	1000	88	0	35000	2221	0.05639663	129.9834	3.4843826	66.769905	86.7448	105.34329	2.6397088E+10	32	787	1885	2484	3412
B_D140314_SGSDSsample5_R02_MHRM_T0	998	1220	222	0	35000	2221	0.0591883	129.98851	3.484497	69.8513	88.451385	105.81497	4.1973797E+10	38	970	2560	3367	4334
B_D140314_SGSDSsample5_R03_MHRM_T0	400	430	30	0	35000	2206	0.008283149	129.98701	3.500061	19.017065	34.072224	46.70908	1.6205302E+10	70	147	551	1000	1432
B_D140314_SGSDSsample5_R03_MHRM_T0	428	459	31	0	35000	2206	0.01100825	129.98975	3.500061	20.022467	38.239506	52.899292	2.0079987E+10	104	255	634	1156	1668
B_D140314_SGSDSsample5_R03_MHRM_T0	457	483	26	0	35000	2206	0.013749615	129.99248	3.500061	23.870193	43.26374	60.440342	1.7513527E+10	60	250	680	1101	1612
B_D140314_SGSDSsample5_R03_MHRM_T0	481	506	25	0	35000	2206	0.016491298	129.99522	3.500061	26.717878	43.266457	61.02694	1.6398968E+10	54	308	796	1107	1730
B_D140314_SGSDSsample5_R03_MHRM_T0	504	531	27	0	35000	2206	0.019232932	129.99796	3.5001755	31.741283	46.020016	62.14571	1.8040682E+10	96	342	888	1196	1791
B_D140314_SGSDSsample5_R03_MHRM_T0	529	554	25	0	35000	2206	0.021972783	130.0007	3.5009766	34.3801	50.234097	64.32519	1.5326435E+10	81	360	867	1175	1809
B_D140314_SGSDSsample5_R03_MHRM_T0	552	576	24	0	35000	2206	0.024714397	130.00343	3.5009766	35.086292	51.40371	68.46309	1.654018E+10	62	378	816	1152	1737
B_D140314_SGSDSsample5_R03_MHRM_T0	574	600	26	0	35000	2205	0.027456148	129.94675	3.5009766	36.785294	54.61677	70.87077	1.8655848E+10	97	510	890	1220	1745
B_D140314_SGSDSsample5_R03_MHRM_T0	598	624	26	0	35000	2205	0.030197617	129.94948	3.5009766	38.791496	58.176193	75.33096	1.6419955E+10	108	518	928	1266	1937
B_D140314_SGSDSsample5_R03_MHRM_T0	622	650	28	0	35000	2205	0.032939296	129.95222	3.5009766	44.043995	61.690853	80.611404	1.4988656E+10	75	560	937	1312	1958
B_D140314_SGSDSsample5_R03_MHRM_T0	648	676	28	0	35000	2205	0.035681065	129.95497	3.5009766	45.978397	65.56522	80.8506	1.6739058E+10	119	558	1003	1330	2121
B_D140314_SGSDSsample5_R03_MHRM_T0	674	704	30	0	35000	2205	0.038439464	129.95772	3.5009766	47.271534	66.44135	84.43048	1.5516522E+10	83	553	966	1370	2669
B_D140314_SGSDSsample5_R03_MHRM_T0	702	735	33	0	35000	2205	0.041197717	129.96048	3.5009766	48.61842	66.32727	86.305305	1.6387333E+10	59	624	1099	1462	2350
B_D140314_SGSDSsample5_R03_MHRM_T0	733	771	38	0	35000	2205	0.043953866	129.96324	3.5009766	54.220722	71.06454	90.13264	1.8145145E+10	70	635	1176	1580	2581
B_D140314_SGSDSsample5_R03_MHRM_T0	769	810	41	0	35000	2205	0.046712283	129.966	3.5009766	60.823387	80.50929	94.35853	1.3036323E+10	47	611	1135	1582	2392
B_D140314_SGSDSsample5_R03_MHRM_T0	808	856	48	0	35000	2205	0.04947068	129.96877	3.5009766	58.368954	79.340164	92.06895	1.4483822E+10	54	596	1208	1714	2689
B_D140314_SGSDSsample5_R03_MHRM_T0	854	914	60	0	35000	2205	0.05224553	129.97153	3.501091	67.965355	83.55635	98.12582	1.451379E+10	45	537	1293	1873	2948
B_D140314_SGSDSsample5_R03_MHRM_T0	912	1000	88	0	35000	2205	0.057343535	129.9743	3.5009766	70.6024	90.201294	105.89742	1.7620703E+10	30	514	1492	2137	3356
B_D140314_SGSDSsample5_R03_MHRM_T0	998	1220	222	0	35000	2205	0.060135014	129.97942	3.5009766	75.94882	92.02192	106.48933	2.7245148E+10	55	694	1982	2950	3972
B_D140314_SGSDSsample6_R01_MHRM_T0	400	430	30	0	35000	2206	0.008572216	129.96973	3.4973145	21.32801	35.670025	47.98422	1.6160542E+10	87	153	556	1010	1447
B_D140314_SGSDSsample6_R01_MHRM_T0	428	459	31	0	35000	2206	0.011297301	129.97244	3.4976578	22.694143	40.472263	55.17792	2.1574353E+10	118	255	661	1172	1699
B_D140314_SGSDSsample6_R01_MHRM_T0	457	483	26	0	35000	2206	0.014038717	129.9752	3.498001	25.943968	44.894142	61.911232	1.8675466E+10	78	265	694	1114	1554
B_D140314_SGSDSsample6_R01_MHRM_T0	481	506	25	0	35000	2206	0.01678043	129.97794	3.4984589	27.934244	44.54623	61.619156	1.7152489E+10	67	294	802	1120	1678
B_D140314_SGSDSsample6_R01_MHRM_T0	504	531	27	0	35000	2206	0.01952205	129.98068	3.4991455	32.868904	46.597984	62.507057	1.911973E+10	108	356	883	1216	1799
B_D140314_SGSDSsample6_R01_MHRM_T0	529	554	25	0	35000	2206	0.022261865	129.98341	3.4986877	35.094196	50.976784	64.44979	1.6160638E+10	91	389	859	1191	1802
B_D140314_SGSDSsample6_R01_MHRM_T0	552	576	24	0	35000	2206	0.025003532	129.98616	3.4989166	35.272774	51.74137	68.300415	1.736096E+10	65	390	797	1172	1833
B_D140314_SGSDSsample6_R01_MHRM_T0	574	600	26	0	35000	2206	0.027745083	129.9889	3.4988022	38.262344	55.369427	71.407646	1.9630381E+10	93	531	900	1242	1795
B_D140314_SGSDSsample6_R01_MHRM_T0	598	624	26	0	35000	2206	0.030490883	129.99165	3.4986877	39.20456	58.470123	75.524635	1.7449007E+10	92	562	929	1291	1972
B_D140314_SGSDSsample6_R01_MHRM_T0	622	650	28	0	35000	2206	0.033230398	129.99438	3.4986877	44.737118	62.286163	81.44832	1.6011841E+10	91	543	957	1319	1911
B_D140314_SGSDSsample6_R01_MHRM_T0	648	676	28	0	35000	2206	0.035976432	129.99713	3.49823	46.556526	65.69496	80.74366	1.7881973E+10	106	538	1002	1355	2085
B_D140314_SGSDSsample6_R01_MHRM_T0	674	704	30	0	35000	2206	0.03873475	129.9999	3.4986877	48.425587	68.07958	85.69299	1.7028176E+10	120	550	994	1388	2965
B_D140314_SGSDSsample6_R01_MHRM_T0	702	735	33	0	35000	2206	0.041493166	130.00266	3.4981155	48.31022	66.746414	86.46127	1.7520091E+10	90	633	1133	1489	2354
B_D140314_SGSDSsample6_R01_MHRM_T0	733	771	38	0	35000	2206	0.04425132	130.00542	3.498001	55.328037	72.190544	92.345	1.98125E+10	97	621	1209	1622	2553
B_D140314_SGSDSsample6_R01_MHRM_T0	769	810	41	0	35000	2205	0.0470096	129.94962	3.4977722	61.180496	81.28532	95.52756	1.3686622E+10	89	595	1118	1601	2416
B_D140314_SGSDSsample6_R01_MHRM_T0	808	856	48	0	35000	2205	0.049767915	129.95238	3.498001	58.839603	79.99625	93.82806	1.5184395E+10	106	588	1199	1720	2667
B_D140314_SGSDSsample6_R01_MHRM_T0	854	914	60	0	35000	2205	0.052543066	129.95515	3.4977722	68.73983	84.52741	99.41408	1.5321632E+10	113	577	1274	1896	2819
B_D140314_SGSDSsample6_R01_MHRM_T0	912	1000	88	0	35000	2205	0.05764102	129.95792	3.49823	70.90772	91.65018	106.88246	1.8227634E+10	147	613	1407	2130	3272
B_D140314_SGSDSsample6_R01_MHRM_T0	998	1220	222	0	35000	2205	0.060432535	129.96304	3.49823	72.0884	92.36105	107.11908	2.8788376E+10	369	977	1942	2874	4092
B_D140314_SGSDSsample6_R02_MHRM_T0	400	430	30	0	35000	2218	0.0082778325	130.00255	3.4863281	19.94665	33.90919	46.294403	2.1531185E+10	90	170	615	1094	1588
B_D140314_SGSDSsample6_R02_MHRM_T0	428	459	31	0	35000	2218	0.011000533	130.00528	3.486042	20.467548	36.995544	51.893494	2.669784E+10	135	274	710	1259	1845
B_D140314_SGSDSsample6_R02_MHRM_T0	457	483	26	0	35000	2217	0.013742299	129.94908	3.4860992	23.610703	41.76489	58.824326	2.4066744E+10	74	285	760	1225	1807
B_D140314_SGSDSsample6_R02_MHRM_T0	481	506	25	0	35000	2217	0.016483935	129.95183	3.4860992	25.948162	40.960255	59.000725	2.2064181E+10	68	326	857	1223	1883
B_D140314_SGSDSsample6_R02_MHRM_T0	504	531	27	0	35000	2217	0.019225584	129.95457	3.4863281	29.959942	43.973644	59.65175	2.3749317E+10	107	374	971	1328	1869
B_D140314_SGSDSsample6_R02_MHRM_T0	529	554	25	0	35000	2217	0.02196745	129.9573	3.486786	32.760242	47.596375	62.219322	2.0139332E+10	95	391	960	1297	1808
B_D140314_SGSDSsample6_R02_MHRM_T0	552	576	24	0	35000	2217	0.02470895	129.96005	3.4864426	32.47411	48.4723	65.77771	2.1813537E+10	79	424	922	1290	1905
B_D140314_SGSDSsample6_R02_MHRM_T0	574	600	26	0	35000	2217	0.027448533	129.96278	3.486786	34.159466	53.546772	68.97079	2.4454877E+10	109	566	1014	1363	1835
B_D140314_SGSDSsample6_R02_MHRM_T0	598	624	26	0	35000	2217	0.030190133	129.96555	3.486786	36.838924	56.919167	73.82682	2.1853047E+10	111	587	1056	1405	2076
B_D140314_SGSDSsample6_R02_MHRM_T0	622	650	28	0	35000	2217	0.032931983	129.96828	3.486557	42.36018	60.24344	78.50628	1.9783674E+10	106	646	1050	1455	2189
B_D140314_SGSDSsample6_R02_MHRM_T0	648	676	28	0	35000	2217	0.035673518	129.97102	3.486786	44.348446	63.28551	78.62663	2.2205868E+10	129	656	1117	1480	2201
B_D140314_SGSDSsample6_R02_MHRM_T0	674	704	30	0	35000	2217	0.03842992	129.97379	3.486786	44.87236	65.21229	82.77325	2.098631E+10	107	657	1106	1540	2902
B_D140314_SGSDSsample6_R02_MHRM_T0	702	735	33	0	35000	2217	0.041188054	129.97655	3.486786	46.21092	64.69198	83.65692	2.2072562E+10	67	773	1226	1634	2530
B_D140314_SGSDSsample6_R02_MHRM_T0	733	771	38	0	35000	2217	0.04394845	129.9793	3.486786	51.69528	69.86367	88.34662	2.4549478E+10	74	767	1332	1760	2645
B_D140314_SGSDSsample6_R02_MHRM_T0	769	810	41	0	35000	2217	0.046707034	129.98206	3.4870148	56.708847	78.22893	92.44715	1.7487663E+10	53	756	1322	1767	2679
B_D140314_SGSDSsample6_R02_MHRM_T0	808	856	48	0	35000	2217	0.049465302	129.98482	3.4870148	56.076736	76.769646	91.57392	1.9691092E+10	68	732	1386	1913	2814
B_D140314_SGSDSsample6_R02_MHRM_T0	854	914	60	0	35000	2217	0.052240334	129.9876	3.486786	66.44046	81.90612	96.773994	1.981983E+10	44	656	1510	2098	3092
B_D140314_SGSDSsample6_R02_MHRM_T0	912	1000	88	0	35000	2217	0.057340298	129.99037	3.4870148	68.06896	87.30428	105.77111	2.4059249E+10	30	679	1759	2395	3387
B_D140314_SGSDSsample6_R02_MHRM_T0	998	1220	222	0	35000	2217	0.06012985	129.99548	3.4870148	71.81138	89.53372	106.0663	3.9129825E+10	46	898	2467	3269	4286
B_D140314_SGSDSsample6_R03_MHRM_T0	400	430	30	0	35000	2211	0.0085692	129.95663	3.4931946	17.68356	32.12831	45.98501	1.9086383E+10	62	153	591	1044	1593
B_D140314_SGSDSsample6_R03_MHRM_T0	428	459	31	0	35000	2211	0.011294165	129.95935	3.4931946	18.617285	36.11134	51.930817	2.2954617E+10	100	262	672	1215	1707
B_D140314_SGSDSsample6_R03_MHRM_T0	457	483	26	0	35000	2211	0.014035701	129.9621	3.4932518	22.059404	41.67394	58.809128	2.037666E+10	53	270	694	1162	1637
B_D140314_SGSDSsample6_R03_MHRM_T0	481	506	25	0	35000	2211	0.016777597	129.96483	3.4931946	24.063951	42.081917	59.452568	1.890252E+10	54	320	802	1161	1858
B_D140314_SGSDSsample6_R03_MHRM_T0	504	531	27	0	35000	2211	0.019523282	129.96758	3.4934235	28.964218	45.00541	60.9773	2.0018553E+10	76	387	946	1265	1800
B_D140314_SGSDSsample6_R03_MHRM_T0	529	554	25	0	35000	2211	0.022265	129.97032	3.4934235	32.962475	49.733917	63.021576	1.7267399E+10	75	390	912	1215	1865
B_D140314_SGSDSsample6_R03_MHRM_T0	552	576	24	0	35000	2211	0.025008613	129.97305	3.4937668	32.551933	50.552288	66.816025	1.8719095E+10	52	398	885	1196	1793
B_D140314_SGSDSsample6_R03_MHRM_T0	574	600	26	0	35000	2211	0.0277504	129.9758	3.4936523	35.368748	54.173477	69.733185	2.0973031E+10	86	546	950	1258	1890
B_D140314_SGSDSsample6_R03_MHRM_T0	598	624	26	0	35000	2211	0.03049205	129.97855	3.4937668	37.480373	57.189995	74.18931	1.8355364E+10	100	549	985	1303	1998
B_D140314_SGSDSsample6_R03_MHRM_T0	622	650	28	0	35000	2211	0.033235934	129.9813	3.49411	43.38589	60.990795	80.10639	1.6785645E+10	83	633	988	1359	2008
B_D140314_SGSDSsample6_R03_MHRM_T0	648	676	28	0	35000	2211	0.035975568	129.98402	3.49411	45.372852	64.202126	79.93065	1.8709484E+10	124	637	1029	1400	2105
B_D140314_SGSDSsample6_R03_MHRM_T0	674	704	30	0	35000	2211	0.038733684	129.98679	3.49411	46.89709	65.72151	83.690575	1.777537E+10	109	606	1002	1442	2800
B_D140314_SGSDSsample6_R03_MHRM_T0	702	735	33	0	35000	2211	0.041491948	129.98955	3.49411	47.830864	65.31618	85.21837	1.8466757E+10	75	678	1144	1531	2481
B_D140314_SGSDSsample6_R03_MHRM_T0	733	771	38	0	35000	2211	0.044250365	129.99231	3.49411	54.073555	70.272896	89.97031	2.0616862E+10	88	674	1238	1671	2585
B_D140314_SGSDSsample6_R03_MHRM_T0	769	810	41	0	35000	2211	0.047009	129.99507	3.49411	58.782448	79.12254	93.48963	1.469139E+10	50	648	1221	1671	2601
B_D140314_SGSDSsample6_R03_MHRM_T0	808	856	48	0	35000	2211	0.04976718	129.99783	3.49411	57.443108	77.95691	91.67203	1.6437071E+10	78	624	1255	1813	2643
B_D140314_SGSDSsample6_R03_MHRM_T0	854	914	60	0	35000	2211	0.052542232	130.0006	3.49411	67.075676	82.9978	98.07405	1.6846278E+10	56	594	1372	1977	3022
B_D140314_SGSDSsample6_R03_MHRM_T0	912	1000	88	0	35000	2211	0.057642218	130.00339	3.49411	68.65399	89.39564	105.60292	2.0364204E+10	31	594	1617	2251	3338
B_D140314_SGSDSsample6_R03_MHRM_T0	998	1220	222	0	35000	2210	0.060431767	129.94987	3.49411	73.98382	91.741936	106.96593	3.2689043E+10	32	767	2266	3121	4042
B_D140314_SGSDSsample7_R01_MHRM_T0	400	430	30	0	35000	2219	0.008702651	129.99013	3.482666	20.820002	34.380535	46.800358	2.199662E+10	84	170	632	1106	1622
B_D140314_SGSDSsample7_R01_MHRM_T0	428	459	31	0	35000	2219	0.011427549	129.99284	3.4824371	21.512821	38.28379	52.853146	2.671065E+10	127	283	745	1260	1843
B_D140314_SGSDSsample7_R01_MHRM_T0	457	483	26	0	35000	2219	0.01417115	129.99557	3.482666	24.61766	43.19891	61.751575	2.4244853E+10	77	301	797	1219	1734
B_D140314_SGSDSsample7_R01_MHRM_T0	481	506	25	0	35000	2219	0.016913068	129.99832	3.4831238	26.773977	42.79683	60.3498	2.229119E+10	70	332	891	1224	2066
B_D140314_SGSDSsample7_R01_MHRM_T0	504	531	27	0	35000	2219	0.019656718	130.00107	3.4835815	30.855076	45.02268	60.935143	2.3876602E+10	109	378	986	1321	1970
B_D140314_SGSDSsample7_R01_MHRM_T0	529	554	25	0	35000	2219	0.022398384	130.00381	3.483696	33.870743	49.445442	63.27857	2.0351517E+10	93	391	961	1299	1915
B_D140314_SGSDSsample7_R01_MHRM_T0	552	576	24	0	35000	2218	0.025137952	129.94781	3.484497	33.758495	50.32375	67.45045	2.1931387E+10	70	440	916	1287	1891
B_D140314_SGSDSsample7_R01_MHRM_T0	574	600	26	0	35000	2218	0.027879635	129.95055	3.484497	36.030865	54.220577	70.01792	2.445498E+10	112	570	1000	1347	1815
B_D140314_SGSDSsample7_R01_MHRM_T0	598	624	26	0	35000	2218	0.030623535	129.9533	3.484497	37.83468	57.460796	74.44569	2.183485E+10	113	590	1026	1407	2141
B_D140314_SGSDSsample7_R01_MHRM_T0	622	650	28	0	35000	2218	0.033365164	129.95602	3.4842682	43.0431	61.2434	80.11411	2.0200358E+10	109	637	1063	1454	2046
B_D140314_SGSDSsample7_R01_MHRM_T0	648	676	28	0	35000	2218	0.03610687	129.95879	3.484497	45.384327	64.34002	79.06792	2.2419808E+10	119	638	1120	1484	2290
B_D140314_SGSDSsample7_R01_MHRM_T0	674	704	30	0	35000	2218	0.038864966	129.96153	3.4841537	47.53756	67.87166	83.46398	2.1879646E+10	99	648	1096	1546	2749
B_D140314_SGSDSsample7_R01_MHRM_T0	702	735	33	0	35000	2218	0.041635882	129.9643	3.4842682	47.305088	65.73415	84.7008	2.1999876E+10	77	743	1242	1633	2610
B_D140314_SGSDSsample7_R01_MHRM_T0	733	771	38	0	35000	2218	0.04439418	129.96706	3.4842682	54.642616	71.95231	92.683014	2.5803422E+10	82	761	1341	1760	2685
B_D140314_SGSDSsample7_R01_MHRM_T0	769	810	41	0	35000	2218	0.04715277	129.96982	3.4840393	58.52759	79.02102	93.9198	1.7631807E+10	51	743	1330	1783	2693
B_D140314_SGSDSsample7_R01_MHRM_T0	808	856	48	0	35000	2218	0.049910985	129.97256	3.484497	57.950146	77.32729	92.09863	1.9556233E+10	67	712	1408	1916	2879
B_D140314_SGSDSsample7_R01_MHRM_T0	854	914	60	0	35000	2218	0.05268605	129.97536	3.4842682	67.94496	83.06507	98.607155	2.0204624E+10	45	641	1520	2117	3078
B_D140314_SGSDSsample7_R01_MHRM_T0	912	1000	88	0	35000	2218	0.05778407	129.97812	3.4842682	68.871315	88.52484	106.12159	2.4270348E+10	30	665	1788	2423	3501
B_D140314_SGSDSsample7_R01_MHRM_T0	998	1220	222	0	35000	2218	0.060575552	129.98325	3.484497	73.721756	92.58021	108.89432	4.1570345E+10	37	905	2429	3296	4391
B_D140314_SGSDSsample7_R02_MHRM_T0	400	430	30	0	35000	2217	0.008567734	129.9549	3.484497	20.810328	34.32123	46.17145	2.305561E+10	74	166	623	1141	1590
B_D140314_SGSDSsample7_R02_MHRM_T0	428	459	31	0	35000	2217	0.011307366	129.95763	3.484497	21.32801	37.471203	51.339733	2.7185912E+10	116	275	716	1283	1838
B_D140314_SGSDSsample7_R02_MHRM_T0	457	483	26	0	35000	2217	0.0140491	129.96037	3.484497	24.026346	41.87291	58.38524	2.4406788E+10	78	289	776	1241	1751
B_D140314_SGSDSsample7_R02_MHRM_T0	481	506	25	0	35000	2217	0.016790798	129.9631	3.4849548	26.421967	41.357445	58.90742	2.2352472E+10	67	325	859	1235	2037
B_D140314_SGSDSsample7_R02_MHRM_T0	504	531	27	0	35000	2217	0.019530147	129.96585	3.4849548	30.387642	44.082787	59.60928	2.3919485E+10	104	379	972	1326	1899
B_D140314_SGSDSsample7_R02_MHRM_T0	529	554	25	0	35000	2217	0.02227195	129.9686	3.485527	33.640453	48.045986	61.956364	2.031046E+10	89	387	957	1305	1837
B_D140314_SGSDSsample7_R02_MHRM_T0	552	576	24	0	35000	2217	0.025013616	129.97133	3.4855843	33.46544	48.750816	66.106606	2.1927725E+10	62	431	908	1290	1974
B_D140314_SGSDSsample7_R02_MHRM_T0	574	600	26	0	35000	2217	0.027755415	129.97409	3.4851837	34.925144	53.160824	69.00541	2.4245826E+10	103	567	1008	1360	1897
B_D140314_SGSDSsample7_R02_MHRM_T0	598	624	26	0	35000	2217	0.03049705	129.97684	3.4849548	37.25487	56.59997	73.74816	2.1442372E+10	115	589	1035	1398	2166
B_D140314_SGSDSsample7_R02_MHRM_T0	622	650	28	0	35000	2217	0.033238716	129.97957	3.4854126	42.00596	60.08785	79.31095	1.986054E+10	101	649	1066	1454	2128
B_D140314_SGSDSsample7_R02_MHRM_T0	648	676	28	0	35000	2217	0.035980284	129.98232	3.4854126	43.449554	62.733204	78.26038	2.1898828E+10	114	658	1121	1471	2147
B_D140314_SGSDSsample7_R02_MHRM_T0	674	704	30	0	35000	2217	0.0387385	129.98508	3.4854126	45.442314	65.889366	82.77032	2.1371896E+10	100	673	1087	1528	2901
B_D140314_SGSDSsample7_R02_MHRM_T0	702	735	33	0	35000	2217	0.04149485	129.98782	3.4854126	46.030273	64.61212	84.00202	2.1447092E+10	73	776	1250	1626	2519
B_D140314_SGSDSsample7_R02_MHRM_T0	733	771	38	0	35000	2217	0.04425315	129.99059	3.4854126	51.37192	70.605316	91.79504	2.524512E+10	83	801	1357	1752	2703
B_D140314_SGSDSsample7_R02_MHRM_T0	769	810	41	0	35000	2217	0.0470118	129.99335	3.4854126	54.701233	78.1556	93.206856	1.7366964E+10	53	788	1390	1748	2597
B_D140314_SGSDSsample7_R02_MHRM_T0	808	856	48	0	35000	2217	0.049776047	129.99611	3.4854126	54.820007	75.70439	91.33378	1.920624E+10	73	772	1444	1876	2900
B_D140314_SGSDSsample7_R02_MHRM_T0	854	914	60	0	35000	2217	0.052553184	129.99889	3.4854126	64.856186	81.96064	98.137405	1.9752862E+10	51	709	1578	2067	3102
B_D140314_SGSDSsample7_R02_MHRM_T0	912	1000	88	0	35000	2217	0.0576512	130.00166	3.4854126	66.76991	87.354225	105.78629	2.3851674E+10	25	778	1803	2391	3470
B_D140314_SGSDSsample7_R02_MHRM_T0	998	1220	222	0	35000	2217	0.06044283	130.00677	3.4854126	70.560844	91.28644	108.73262	4.200169E+10	34	1014	2442	3293	4244
B_D140314_SGSDSsample7_R03_MHRM_T0	400	430	30	0	35000	2214	0.0085629495	129.95267	3.4877014	18.866348	33.129032	46.00026	2.0827996E+10	67	154	592	1083	1569
B_D140314_SGSDSsample7_R03_MHRM_T0	428	459	31	0	35000	2214	0.011285702	129.95538	3.4877014	19.6258	37.048668	51.768803	2.4614033E+10	107	259	661	1255	1735
B_D140314_SGSDSsample7_R03_MHRM_T0	457	483	26	0	35000	2214	0.014027468	129.95813	3.4877014	23.121431	42.27795	58.34682	2.1866658E+10	62	276	701	1200	1649
B_D140314_SGSDSsample7_R03_MHRM_T0	481	506	25	0	35000	2214	0.01676902	129.96088	3.4874725	25.767366	42.28054	58.814636	2.0349938E+10	58	305	822	1203	1845
B_D140314_SGSDSsample7_R03_MHRM_T0	504	531	27	0	35000	2214	0.01951075	129.96361	3.4877014	29.928667	44.847748	59.63264	2.1705077E+10	92	388	938	1305	1787
B_D140314_SGSDSsample7_R03_MHRM_T0	529	554	25	0	35000	2214	0.022252452	129.96635	3.488617	33.55495	49.403725	61.74276	1.877427E+10	73	398	911	1255	1902
B_D140314_SGSDSsample7_R03_MHRM_T0	552	576	24	0	35000	2214	0.024998283	129.9691	3.4881592	33.32055	49.81224	65.30087	2.0221071E+10	63	414	882	1237	1905
B_D140314_SGSDSsample7_R03_MHRM_T0	574	600	26	0	35000	2214	0.02773785	129.97185	3.4884453	35.603832	53.537514	68.62684	2.2574797E+10	97	539	967	1307	1875
B_D140314_SGSDSsample7_R03_MHRM_T0	598	624	26	0	35000	2214	0.030479435	129.97458	3.4887314	37.534824	56.7332	72.73267	1.9697883E+10	118	556	1005	1348	2116
B_D140314_SGSDSsample7_R03_MHRM_T0	622	650	28	0	35000	2214	0.0332234	129.97733	3.488617	42.878162	60.16901	79.29097	1.8383727E+10	92	641	1020	1395	2053
B_D140314_SGSDSsample7_R03_MHRM_T0	648	676	28	0	35000	2214	0.03596505	129.98007	3.488617	44.98078	62.575527	78.30015	2.0307059E+10	121	641	1065	1435	2211
B_D140314_SGSDSsample7_R03_MHRM_T0	674	704	30	0	35000	2214	0.03872132	129.98282	3.4890747	47.14614	65.60783	82.69315	1.9904164E+10	106	628	1050	1486	2820
B_D140314_SGSDSsample7_R03_MHRM_T0	702	735	33	0	35000	2214	0.041483637	129.9856	3.4888458	47.20832	64.27134	83.989365	2.0100938E+10	74	708	1196	1587	2521
B_D140314_SGSDSsample7_R03_MHRM_T0	733	771	38	0	35000	2214	0.0442462	129.98834	3.488617	53.084663	70.46088	92.129524	2.3505398E+10	86	712	1300	1707	2578
B_D140314_SGSDSsample7_R03_MHRM_T0	769	810	41	0	35000	2214	0.04700457	129.9911	3.4884453	56.23197	78.07606	93.18891	1.5987675E+10	52	699	1327	1709	2660
B_D140314_SGSDSsample7_R03_MHRM_T0	808	856	48	0	35000	2214	0.049760886	129.99387	3.488617	55.652035	75.86012	91.42798	1.8009094E+10	74	672	1350	1860	2733
B_D140314_SGSDSsample7_R03_MHRM_T0	854	914	60	0	35000	2214	0.052538034	129.99663	3.488617	64.97772	81.883194	97.879074	1.8444175E+10	56	628	1496	2019	2961
B_D140314_SGSDSsample7_R03_MHRM_T0	912	1000	88	0	35000	2214	0.057635885	129.9994	3.488388	67.1345	87.97937	105.59192	2.2496223E+10	32	645	1726	2333	3652
B_D140314_SGSDSsample7_R03_MHRM_T0	998	1220	222	0	35000	2214	0.06043162	130.00453	3.488617	71.294754	91.5549	107.71311	3.8554116E+10	28	846	2404	3193	4282
B_D140314_SGSDSsample8_R01_MHRM_T0	400	430	30	0	35000	2213	0.008305485	129.98965	3.4905052	21.685879	34.68127	47.099968	1.9057007E+10	75	162	568	1020	1497
B_D140314_SGSDSsample8_R01_MHRM_T0	428	459	31	0	35000	2213	0.011030602	129.99237	3.4903908	23.119553	40.529724	54.47132	2.242907E+10	120	274	687	1176	1702
B_D140314_SGSDSsample8_R01_MHRM_T0	457	483	26	0	35000	2213	0.01377015	129.99512	3.490448	26.469881	46.812687	65.39673	2.163109E+10	82	305	772	1139	1622
B_D140314_SGSDSsample8_R01_MHRM_T0	481	506	25	0	35000	2213	0.016511634	129.99786	3.4913635	28.939358	45.71038	63.296886	1.923166E+10	66	315	818	1146	1685
B_D140314_SGSDSsample8_R01_MHRM_T0	504	531	27	0	35000	2213	0.019253265	130.0006	3.492279	31.82431	45.82771	62.3576	2.0673057E+10	107	366	895	1244	1886
B_D140314_SGSDSsample8_R01_MHRM_T0	529	554	25	0	35000	2213	0.021994999	130.00334	3.492279	36.21159	52.3202	63.950775	1.8014837E+10	96	386	880	1223	1861
B_D140314_SGSDSsample8_R01_MHRM_T0	552	576	24	0	35000	2212	0.024738751	129.94418	3.492279	35.45796	52.090393	70.06015	1.957595E+10	77	459	834	1202	1906
B_D140314_SGSDSsample8_R01_MHRM_T0	574	600	26	0	35000	2212	0.0274806	129.94691	3.4927368	39.327908	55.778004	72.11073	2.11323E+10	114	582	923	1270	1858
B_D140314_SGSDSsample8_R01_MHRM_T0	598	624	26	0	35000	2212	0.030222252	129.94968	3.4927368	40.373695	59.028225	76.09482	1.8780047E+10	125	564	966	1322	1968
B_D140314_SGSDSsample8_R01_MHRM_T0	622	650	28	0	35000	2212	0.032963835	129.95241	3.4928513	44.548073	63.194466	84.6117	1.8700104E+10	105	561	1005	1363	2020
B_D140314_SGSDSsample8_R01_MHRM_T0	648	676	28	0	35000	2212	0.035703268	129.95515	3.4931946	45.95851	66.00359	81.612625	1.9798716E+10	127	564	1017	1391	2327
B_D140314_SGSDSsample8_R01_MHRM_T0	674	704	30	0	35000	2212	0.038461585	129.95792	3.4931946	53.55841	70.71098	86.13341	2.20838E+10	104	587	1053	1449	2596
B_D140314_SGSDSsample8_R01_MHRM_T0	702	735	33	0	35000	2212	0.04122015	129.96066	3.4929657	50.416016	67.98333	87.54996	1.9089926E+10	83	664	1197	1540	2526
B_D140314_SGSDSsample8_R01_MHRM_T0	733	771	38	0	35000	2212	0.043980584	129.96342	3.4929657	60.21426	80.68459	95.813255	2.7271115E+10	87	688	1260	1699	2562
B_D140314_SGSDSsample8_R01_MHRM_T0	769	810	41	0	35000	2212	0.046740886	129.96619	3.4929657	62.209965	82.44161	97.91934	1.5978146E+10	65	659	1253	1714	2541
B_D140314_SGSDSsample8_R01_MHRM_T0	808	856	48	0	35000	2212	0.04949712	129.96895	3.4927368	60.744762	79.63397	94.24254	1.721683E+10	96	614	1317	1803	2877
B_D140314_SGSDSsample8_R01_MHRM_T0	854	914	60	0	35000	2212	0.052272215	129.97173	3.4930801	70.90208	87.26823	100.50931	1.866191E+10	87	541	1442	2006	3100
B_D140314_SGSDSsample8_R01_MHRM_T0	912	1000	88	0	35000	2212	0.05737015	129.9745	3.4927368	72.19648	93.36864	107.57833	2.2217347E+10	108	579	1612	2340	3732
B_D140314_SGSDSsample8_R01_MHRM_T0	998	1220	222	0	35000	2212	0.060161684	129.97961	3.4928513	80.87731	102.41112	115.64062	4.9870107E+10	284	911	2127	3156	4331
B_D140314_SGSDSsample8_R02_MHRM_T0	400	430	30	0	35000	2224	0.008696531	129.9558	3.4794617	20.785973	32.715637	45.061493	2.4000997E+10	73	164	619	1091	1623
B_D140314_SGSDSsample8_R02_MHRM_T0	428	459	31	0	35000	2224	0.011421596	129.95853	3.4794617	20.499084	36.954998	51.297333	2.6727778E+10	115	259	706	1255	1770
B_D140314_SGSDSsample8_R02_MHRM_T0	457	483	26	0	35000	2224	0.014163215	129.96127	3.4794617	23.588556	42.85573	62.359436	2.5826806E+10	70	281	795	1220	1768
B_D140314_SGSDSsample8_R02_MHRM_T0	481	506	25	0	35000	2224	0.016905049	129.964	3.4794617	25.856077	41.313698	59.55245	2.3136109E+10	64	303	857	1226	1807
B_D140314_SGSDSsample8_R02_MHRM_T0	504	531	27	0	35000	2224	0.019646512	129.96675	3.4794617	28.935127	43.487167	59.268787	2.4048722E+10	100	377	975	1322	1929
B_D140314_SGSDSsample8_R02_MHRM_T0	529	554	25	0	35000	2224	0.022392547	129.96948	3.4796906	33.537594	49.62955	61.550617	2.0796924E+10	96	380	953	1300	1856
B_D140314_SGSDSsample8_R02_MHRM_T0	552	576	24	0	35000	2224	0.025134182	129.97223	3.4799194	33.42249	48.991703	66.67448	2.2669816E+10	83	435	898	1278	1918
B_D140314_SGSDSsample8_R02_MHRM_T0	574	600	26	0	35000	2224	0.027875733	129.97498	3.4799194	35.402584	53.642162	69.58318	2.4400538E+10	115	579	990	1346	1806
B_D140314_SGSDSsample8_R02_MHRM_T0	598	624	26	0	35000	2224	0.030617379	129.97772	3.4803772	37.49933	56.776962	73.54471	2.1678748E+10	104	582	1040	1399	2092
B_D140314_SGSDSsample8_R02_MHRM_T0	622	650	28	0	35000	2224	0.033359013	129.98045	3.4803772	41.78685	60.849987	82.13218	2.1617383E+10	112	659	1059	1445	2154
B_D140314_SGSDSsample8_R02_MHRM_T0	648	676	28	0	35000	2224	0.036100864	129.9832	3.480835	43.4464	63.55197	78.74387	2.2810421E+10	107	646	1090	1482	2244
B_D140314_SGSDSsample8_R02_MHRM_T0	674	704	30	0	35000	2224	0.03885925	129.98598	3.4803772	51.211563	69.878105	84.47984	2.5926052E+10	109	675	1125	1547	2804
B_D140314_SGSDSsample8_R02_MHRM_T0	702	735	33	0	35000	2224	0.041617546	129.98872	3.480606	47.37864	66.113945	85.65433	2.2660096E+10	79	738	1265	1647	2831
B_D140314_SGSDSsample8_R02_MHRM_T0	733	771	38	0	35000	2224	0.044375714	129.99149	3.4803772	56.61954	77.8157	94.85919	3.1668007E+10	79	753	1370	1791	3156
B_D140314_SGSDSsample8_R02_MHRM_T0	769	810	41	0	35000	2224	0.047134113	129.99425	3.480835	56.6223	79.16392	96.00645	1.9017423E+10	57	758	1398	1824	3067
B_D140314_SGSDSsample8_R02_MHRM_T0	808	856	48	0	35000	2224	0.049892396	129.997	3.480835	57.668125	76.8315	92.171394	2.0885772E+10	71	716	1444	1933	3391
B_D140314_SGSDSsample8_R02_MHRM_T0	854	914	60	0	35000	2224	0.0526654	129.99979	3.480835	68.44035	84.26117	99.83735	2.2797773E+10	49	645	1580	2144	3318
B_D140314_SGSDSsample8_R02_MHRM_T0	912	1000	88	0	35000	2224	0.057765264	130.00256	3.480835	69.08342	90.24371	105.95404	2.743128E+10	27	643	1839	2503	3715
B_D140314_SGSDSsample8_R02_MHRM_T0	998	1220	222	0	35000	2224	0.060569365	130.00768	3.480835	77.94729	100.68069	115.08084	6.149321E+10	48	944	2535	3369	4375
B_D140314_SGSDSsample8_R03_MHRM_T0	400	430	30	0	35000	2209	0.008551116	129.98582	3.4973145	21.142647	32.880558	45.014668	1.7006361E+10	55	123	534	985	1467
B_D140314_SGSDSsample8_R03_MHRM_T0	428	459	31	0	35000	2209	0.011274099	129.98854	3.4977722	21.739206	38.324493	52.320347	1.893826E+10	96	210	598	1125	1614
B_D140314_SGSDSsample8_R03_MHRM_T0	457	483	26	0	35000	2209	0.014015868	129.99129	3.4973145	24.530174	43.255035	62.621098	1.7711378E+10	50	219	688	1070	1596
B_D140314_SGSDSsample8_R03_MHRM_T0	481	506	25	0	35000	2209	0.0167575	129.99403	3.4977722	27.117283	43.027657	60.68525	1.6416408E+10	52	255	743	1088	1663
B_D140314_SGSDSsample8_R03_MHRM_T0	504	531	27	0	35000	2209	0.019499019	129.99677	3.49823	30.786997	44.849155	60.570923	1.7415846E+10	74	339	828	1185	1762
B_D140314_SGSDSsample8_R03_MHRM_T0	529	554	25	0	35000	2209	0.022240818	129.99953	3.4982872	35.054962	51.696865	62.162434	1.5338802E+10	66	330	809	1161	1872
B_D140314_SGSDSsample8_R03_MHRM_T0	552	576	24	0	35000	2209	0.024982302	130.00226	3.4985733	34.412945	50.41416	67.541214	1.7078629E+10	52	385	773	1134	1776
B_D140314_SGSDSsample8_R03_MHRM_T0	574	600	26	0	35000	2209	0.027724082	130.005	3.4986305	37.520138	54.382664	70.40446	1.7980223E+10	85	487	860	1212	1742
B_D140314_SGSDSsample8_R03_MHRM_T0	598	624	26	0	35000	2208	0.030463781	129.9481	3.4986877	38.752	57.31053	74.09763	1.5738965E+10	76	487	901	1232	1934
B_D140314_SGSDSsample8_R03_MHRM_T0	622	650	28	0	35000	2208	0.033205282	129.95085	3.4986877	42.986473	61.410305	82.78076	1.5739173E+10	68	522	929	1280	1892
B_D140314_SGSDSsample8_R03_MHRM_T0	648	676	28	0	35000	2208	0.03594707	129.95358	3.4986877	43.621952	63.701775	78.85347	1.6589235E+10	98	531	953	1299	2195
B_D140314_SGSDSsample8_R03_MHRM_T0	674	704	30	0	35000	2208	0.038705286	129.95634	3.49823	51.59537	69.94513	83.78938	1.8809209E+10	89	551	976	1363	2684
B_D140314_SGSDSsample8_R03_MHRM_T0	702	735	33	0	35000	2208	0.041461483	129.9591	3.49823	48.907055	66.80015	86.19443	1.6038167E+10	71	623	1094	1439	2388
B_D140314_SGSDSsample8_R03_MHRM_T0	733	771	38	0	35000	2208	0.044219904	129.96187	3.4985733	59.143368	79.50507	95.014206	2.2922418E+10	66	641	1181	1586	2519
B_D140314_SGSDSsample8_R03_MHRM_T0	769	810	41	0	35000	2208	0.046978485	129.96463	3.4984589	58.20257	80.91288	97.068474	1.3505975E+10	49	660	1215	1597	2366
B_D140314_SGSDSsample8_R03_MHRM_T0	808	856	48	0	35000	2208	0.04973662	129.96739	3.49823	57.973316	77.16753	92.49559	1.4398032E+10	57	604	1245	1683	2750
B_D140314_SGSDSsample8_R03_MHRM_T0	854	914	60	0	35000	2208	0.05251175	129.97017	3.49823	69.32144	85.61997	99.96521	1.5639063E+10	46	543	1369	1864	3039
B_D140314_SGSDSsample8_R03_MHRM_T0	912	1000	88	0	35000	2208	0.057609517	129.97295	3.49823	71.19388	92.4432	106.69842	1.8477599E+10	24	555	1549	2183	3368
B_D140314_SGSDSsample8_R03_MHRM_T0	998	1220	222	0	35000	2208	0.06039915	129.97806	3.49823	83.21959	104.70288	115.9283	4.2272522E+10	29	735	2029	2985	3888
